BranchID,BranchName,AddressLine1,AddressLine2,City,Country,PinCode,PhoneNumber,emailID,createdatetime,updatedatetime
BCH0000001,Airoli,Dmart Road,"Sector 10A, Airoli",Mumbai,India,400708,9830022519,airoli@dmart.com,27-11-21 12:31,27-11-21 12:31
BCH0000002,GT Road,GT Road,Nehru Nagar III,Ghaziabad,India,201001,8695526985,chaudharymall@dmart.com,27-11-21 13:09,27-11-21 13:09
BCH0000003,Balanagar,Medak - Hyderabad Rd,Balanagar,Hyderabad,India,500037,7005269854,balanagar@dmart.com,27-11-21 13:09,27-11-21 13:09
BCH0000004,Metro Mall,Rajeswari Colony,Virugambakkam,Chennai,India,600092,7484335870,chandrametromall@dmart.com,27-11-21 13:09,27-11-21 13:09
BCH0000005,Antrix,Dmart Chokdi,Nikol,Ahmedabad,India,380038,9985745007,antrixarcade@dmart.com,27-11-21 13:09,27-11-21 13:09
BCH0000006,Jadavpur,Mauza Barakholla,Jadavpur,Kolkata,India,700099,9073677847,jadavpur@dmart.com,27-11-21 13:09,27-11-21 13:09
BCH0000007,AMR Park,AMR Business Park,Hongasandra,Bengaluru,India,560068,8025742644,hongasandra@dmart.com,27-11-21 13:09,27-11-21 13:09
BCH0000008,Kandivali,Mahavir Nagar,Kandivali,Mumbai,India,400067,9830024789,kandivali@dmart.com,27-11-21 13:09,27-11-21 13:09
BCH0000009,Sanath,277 Main Rd,Sanath Nagar,Hyderabad,India,500018,9005987456,sanathnagar@dmart.com,27-11-21 13:09,27-11-21 13:09
BCH0000010,Tilak,Swagath Mall,Tilak Nagar,Bengaluru,India,560011,9960078601,tilaknagar@dmart.com,27-11-21 13:09,27-11-21 13:09
