BrandID,BrandName,BrandType,CountryOfOrigin,createdatetime,updatedatetime
BRD0000001,Nestle,Premium,Switzerland,28-11-21 0:58,28-11-21 1:09
BRD0000002,PepsiCo,Premium,USA,28-11-21 0:58,28-11-21 1:09
BRD0000003,Mondelez,Premium,USA,28-11-21 0:58,28-11-21 1:09
BRD0000004,Amul,Budget,India,28-11-21 0:58,28-11-21 0:58
BRD0000005,Dior,Luxury,France,28-11-21 0:58,28-11-21 0:58
BRD0000006,Nivea,Premium,Germany,28-11-21 0:58,28-11-21 0:58
BRD0000007,Raymond,Premium,India,28-11-21 0:58,28-11-21 0:58
BRD0000008,Adidas,Premium,Germany,28-11-21 0:58,28-11-21 0:58
BRD0000009,Nike,Premium,USA,28-11-21 0:58,28-11-21 1:09
BRD0000010,ITC,Premium,India,28-11-21 0:58,28-11-21 0:58
BRD0000011,Patanjali,Budget,India,28-11-21 0:58,28-11-21 0:58
BRD0000012,Titan,Budget,India,28-11-21 0:58,28-11-21 0:58
BRD0000013,LOreal,Luxury,France,28-11-21 0:58,28-11-21 1:09
BRD0000014,Chanel,Luxury,France,28-11-21 0:58,28-11-21 0:58
BRD0000015,Ganesh,Budget,India,28-11-21 0:58,28-11-21 0:58
BRD0000016,Lakme,Budget,India,28-11-21 0:58,28-11-21 0:58
BRD0000017,Marico,Budget,India,28-11-21 0:58,28-11-21 0:58
BRD0000018,Puma,Premium,Germany,28-11-21 0:58,28-11-21 0:58
BRD0000019,Armani,Luxury,Italy,28-11-21 0:58,28-11-21 0:58
BRD0000020,Colgate India,Budget,USA,28-11-21 0:58,28-11-21 1:09
BRD0000021,Byjus,Premium,India,28-11-21 17:49,28-11-21 17:49
BRD0000022,Oxford,Premium,UK,28-11-21 17:49,28-11-21 17:49
BRD0000023,Penguin Books,Premium,UK,28-11-21 17:49,28-11-21 17:49
BRD0000024,Mattel,Premium,USA,28-11-21 17:49,28-11-21 17:49
BRD0000025,Funskool,Budget,India,28-11-21 17:49,28-11-21 17:49
BRD0000026,Luvlap,Premium,India,28-11-21 17:49,28-11-21 17:49
BRD0000027,VIP Bags,Budget,Inda,28-11-21 17:49,28-11-21 17:49
BRD0000028,Linc,Budget,India,28-11-21 17:49,28-11-21 17:49
BRD0000029,Samsonite,Premium,USA,28-11-21 17:49,28-11-21 17:49
BRD0000030,Dell,Premium,USA,28-11-21 17:49,28-11-21 17:49
BRD0000031,Xiaomi,Budget,China,28-11-21 17:49,28-11-21 17:49
BRD0000032,Apple,Luxury,USA,28-11-21 17:49,28-11-21 17:49
