,customerid,FirstName,LastName,DOB,MobileNumber,Gender,EmailID,AddressLine1,AddressLine2,City,State,Country,PinCode,createdatetime,updatedatetime
0,CUS0000001,Vaibhav,Sanket,1988-11-21,9887766789,Male,vaibhav_sanket@gmail.com,"#22, 3rd Sector,",CSG Road,Bengaluru,Karnataka,India,530068,2021-11-27 23:44:23,2021-11-27 23:44:23
1,CUS0000002,Meera,Kumar,1990-05-11,9543455321,Female,meera.kumar1@hotmail.com,"#C20, Shyam Apartments,","Bazaar Road,",Delhi,Delhi,India,110001,2021-11-27 23:44:23,2021-11-27 23:44:23
2,CUS0000003,Uma,Suresh,1997-08-09,8900976556,Female,uma.suresh2@yahoo.com,"#44, Pooja Nagar,",2nd Cross Street,Chennai,Tamil Nadu,India,600066,2021-11-27 23:44:23,2021-11-27 23:44:23
3,CUS0000004,Ankit,Reddy,1992-05-31,9000786789,Male,ankit.reddy123@hotmail.com,"#B4001, Ceebros Apartments,","3rd Sector,",Hyderabad,Telangana,India,500006,2021-11-27 23:44:23,2021-11-27 23:44:23
4,CUS0000005,Noopur,Singh,1980-07-01,9216777569,Female,noopur.singh_a1@gmail.com,"#D201, Ram Apartmenets,","GH Road,",Delhi,Delhi,India,110021,2021-11-27 23:44:23,2021-11-27 23:44:23
5,CUS0000006,Aishwarya,Sharma,1987-09-13,9877900123,Female,aishwarya.sharmaa@hotmail.com,"#04, Tank Road","3rd Sector,",Delhi,Delhi,India,110045,2021-11-27 23:44:23,2021-11-27 23:44:23
6,CUS0000007,Achint,Das,1993-08-17,7899236542,Male,achint.das1009@gmail.com,"#FC01, Seeta Estate,","4th Secctor, Main Rd,",Ahmedabad,Gujarat,India,320008,2021-11-27 23:44:23,2021-11-27 23:44:23
7,CUS0000008,Gautam,Gambhir,1978-02-14,9002155676,Male,gautam.gambhir1988@gmail.com,"#39, Raman Street,","Bridge Subway Rd,",Noida,Delhi,India,201009,2021-11-27 23:44:23,2021-11-27 23:44:23
8,CUS0000009,Saswathi,Roy,1970-03-19,8900466129,Female,saswathi.roy2011@hotmail.com,"#A001, RamaTree apartments,","Chatterjee Street,",Kolkatta,WestBengal,India,700015,2021-11-27 23:44:23,2021-11-27 23:44:23
9,CUS0000010,Krithika,Gujran,1985-01-05,9874723580,Female,krithika.gujran11@hotmail.com,"#B002, Skyshot Apartments,","Commercial Street,",Bengaluru,Karnataka,India,530011,2021-11-27 23:44:23,2021-11-27 23:44:23
10,CUS0000011,Talitha,Preethi,1990-06-11,9409359360,Female,talitha_preethi05@gmail.com,,,Chennai,Tamil Nadu,India,159182,2021-11-27 23:44:23,2021-11-27 23:44:23
11,CUS0000012,Jane,Abraham,1997-09-09,9508847010,Female,jane_abraham0909@yahoo.com,,,Hyderabad,Hyderabad,India,653073,2021-11-27 23:44:23,2021-11-27 23:44:23
12,CUS0000013,Irum,Mirza,1992-06-29,9608334661,Female,irum_mirza2929@yahoo.com,,,Bengaluru,Karnataka,India,357523,2021-11-27 23:44:23,2021-11-27 23:44:23
13,CUS0000014,Javeed,Ali,1980-07-07,9707822311,Male,javeed_ali0707@gmail.com,,,Delhi,Delhi,India,677493,2021-11-27 23:44:23,2021-11-27 23:44:23
14,CUS0000015,Siddhanth,Jain,1987-11-13,9807309961,Male,siddhanth_jain1313@gmail.com,,,Ahmedabad,Gujarat,India,483752,2021-11-27 23:44:23,2021-11-27 23:44:23
15,CUS0000016,Nathan,Smith,1993-12-17,9906797611,Male,nathan_smith1717@yahoo.com,,,Kolkatta,WestBengal,India,170968,2021-11-27 23:44:23,2021-11-27 23:44:23
16,CUS0000017,Jay,Shetty,1978-08-14,9543455320,Male,jay_shetty1414@hotmail.com,,,Ahmedabad,Gujarat,India,644759,2021-11-27 23:44:23,2021-11-27 23:44:23
17,CUS0000018,Rizwan,Khan,1972-03-19,8900976500,Male,rizwan_khan1919@yahoo.com,,,Chennai,Tamil Nadu,India,428166,2021-11-27 23:44:23,2021-11-27 23:44:23
18,CUS0000019,Sunitha,Akkineni,1996-12-25,9965433213,Female,sunitha_akkineni@gmail.com,,,Hyderabad,Telangana,India,686306,2021-11-27 23:44:23,2021-11-27 23:44:23
19,CUS0000020,Shivam,Hegde,1971-01-31,8890777654,Male,shivam_hegde@yahoo.com,,,Bengaluru,Karanataka,India,125253,2021-11-27 23:44:23,2021-11-27 23:44:23
20,CUS0000021,Ratan,Patil,2001-11-23,7112433213,Male,ratan_patil@gmail.com,,,Noida,Delhi,India,312620,2021-11-27 23:44:23,2021-11-27 23:44:23
21,CUS0000022,Pete,Weasley,1989-09-22,7554423451,Male,pete_weasley@gmail.com,,,Delhi,Delhi,India,450858,2021-11-27 23:44:23,2021-11-27 23:44:23
22,CUS0000023,Mohammed,Ali,1987-11-13,7990954323,Male,mohammed_ali@hotmail.com,,,Hyderabad,Telangana,India,592855,2021-11-27 23:44:23,2021-11-27 23:44:23
23,CUS0000024,Hari,Chakravarthy,1994-12-17,7880099543,Male,hari_chakravarthy@gmail.com,,,Kolkatta,WestBengal,India,188405,2021-11-27 23:44:23,2021-11-27 23:44:23
24,CUS0000025,Aadya,Bhacchan,1979-08-14,8990012563,Female,aadya_bhacchan@gmail.com,,,Kolkatta,WestBengal,India,286585,2021-11-27 23:44:23,2021-11-27 23:44:23
25,CUS0000026,Achintya,Ambani,1971-03-19,9654120098,Male,achintya_ambani@gmail.com,,,Ahmedabad,Gujarat,India,253360,2021-11-27 23:44:23,2021-11-27 23:44:23
26,CUS0000027,Mokshit,Banerjee,1996-10-25,9600011235,Male,mokshit_banerjee@hotmail.com,,,Kolkatta,West Bengal,India,606728,2021-11-27 23:53:56,2021-11-27 23:53:56
27,CUS0000028,Shaurya,Kishore,1971-10-31,9112765778,Male,shaurya_kishore@yahoo.com,,,Bengaluru,Karanataka,India,526900,2021-11-27 23:44:24,2021-11-27 23:44:24
28,CUS0000029,Aditya,Varma,2001-11-24,8912632211,Male,aditya_varma@gmail.com,,,Hyderabad,Telangana,India,619727,2021-11-27 23:44:24,2021-11-27 23:44:24
29,CUS0000030,Vandana,Rajeev,1990-09-22,9001128990,Female,vandana_rajeev@gmail.com,,,Chennai,Tamil Nadu,India,574235,2021-11-27 23:44:24,2021-11-27 23:44:24
30,CUS0000031,Lillian,Bailey,1994-05-19,9900987654,Male,lillian_bailey@gmail.com,,,Delhi,Delhi,India,201944,2021-11-27 23:44:24,2021-11-27 23:44:24
31,CUS0000032,Lily,Baker,1976-04-17,8334455432,Female,lily_baker@gmail.com,,,Bengaluru,Karanataka,India,374862,2021-11-27 23:44:24,2021-11-27 23:44:24
32,CUS0000033,Lisa,Ball,1985-05-14,9007711223,Male,lisa_ball@gmail.com,,,Delhi,Delhi,India,454238,2021-11-27 23:44:24,2021-11-27 23:44:24
33,CUS0000034,Madeleine,Bell,1981-05-05,9088712234,Female,madeleine_bell@gmail.com,,,Delhi,Delhi,India,124936,2021-11-27 23:44:24,2021-11-27 23:44:24
34,CUS0000035,Maria,Berry,1974-05-13,8009865567,Male,maria_berry@gmail.com,,,Kolkatta,West Bengal,India,354952,2021-11-27 23:53:56,2021-11-27 23:53:56
35,CUS0000036,Aarti,Black,1985-11-13,7899011245,Female,aarti_black@gmail.com,,,Bengaluru,Karanataka,India,557691,2021-11-27 23:44:24,2021-11-27 23:44:24
36,CUS0000037,Richa,Blake,1970-11-03,7616525496,Male,richa_blake@gmail.com,,,Chennai,Tamil Nadu,India,410410,2021-11-27 23:44:24,2021-11-27 23:44:24
37,CUS0000038,Janani,Bond,2000-01-14,7305021192,Female,janani_bond@gmail.com,,,Bengaluru,Karanataka,India,392833,2021-11-27 23:44:24,2021-11-27 23:44:24
38,CUS0000039,Anjali,Bower,1989-04-12,6993516888,Male,anjali_bower@gmail.com,,,Bengaluru,Karanataka,India,245400,2021-11-27 23:44:24,2021-11-27 23:44:24
39,CUS0000040,Molly,Brown,1975-04-13,6682012585,Female,molly_brown@gmail.com,,,Chennai,Tamil Nadu,India,499475,2021-11-27 23:44:24,2021-11-27 23:44:24
40,CUS0000041,Natalie,Buckland,1974-05-25,6370508281,Male,natalie_buckland@gmail.com,,,Delhi,Delhi,India,288877,2021-11-27 23:44:24,2021-11-27 23:44:24
41,CUS0000042,Aakash,Burgess,1991-05-14,9059003977,Female,aakash_burgess@gmail.com,,,Chennai,Tamil Nadu,India,149171,2021-11-27 23:44:24,2021-11-27 23:44:24
42,CUS0000043,Balaji,Butler,1980-06-07,9747499674,Male,balaji_butler@gmail.com,,,Bengaluru,Karanataka,India,413648,2021-11-27 23:44:24,2021-11-27 23:44:24
43,CUS0000044,Dinesh,Cameron,1977-01-21,7599297073,Female,dinesh_cameron@gmail.com,,,Noida,Delhi,India,240268,2021-11-27 23:44:24,2021-11-27 23:44:24
44,CUS0000045,Murali,Campbell,1999-02-02,8649068713,Male,murali_campbell@gmail.com,,,Noida,Delhi,India,507731,2021-11-27 23:44:24,2021-11-27 23:44:24
45,CUS0000046,Rachel,Carr,1990-02-18,7837305409,Female,rachel_carr@gmail.com,,,Kolkatta,West Bengal,India,464864,2021-11-27 23:53:56,2021-11-27 23:53:56
46,CUS0000047,Rebecca,Chapman,1995-09-25,9651806550,Male,rebecca_chapman@gmail.com,,,Hyderabad,Telengana,India,272442,2021-11-27 23:44:24,2021-11-27 23:44:24
47,CUS0000048,Rose,Churchill,1992-06-12,9403229457,Female,rose_churchill@gmail.com,,,Hyderabad,Telengana,India,521837,2021-11-27 23:44:24,2021-11-27 23:44:24
48,CUS0000049,Nayana,Clark,1971-02-11,9603579678,Male,nayana_clark@gmail.com,,,Chennai,Tamil Nadu,India,326009,2021-11-27 23:44:24,2021-11-27 23:44:24
49,CUS0000050,Arpit,Clarkson,1995-07-25,7534111322,Female,arpit_clarkson@gmail.com,,,Noida,Delhi,India,414527,2021-11-27 23:44:24,2021-11-27 23:44:24
50,CUS0000051,Naman,Coleman,1979-11-17,7769506614,Male,naman_coleman@gmail.com,,,Chennai,Tamil Nadu,India,585636,2021-11-27 23:44:24,2021-11-27 23:44:24
51,CUS0000052,Veda,Cornish,1984-03-24,8510376794,Female,veda_cornish@gmail.com,,,Noida,Delhi,India,553926,2021-11-27 23:44:24,2021-11-27 23:44:24
52,CUS0000053,Sonia,Davidson,1999-07-12,8278693067,Male,sonia_davidson@gmail.com,,,Bengaluru,Karanataka,India,105438,2021-11-27 23:44:24,2021-11-27 23:44:24
53,CUS0000054,Sophie,Davies,1972-07-19,8987383767,Female,sophie_davies@gmail.com,,,Ahmedabad,Gujarat,India,107890,2021-11-27 23:44:24,2021-11-27 23:44:24
54,CUS0000055,Neeraj,Dickens,1992-06-02,7548234753,Male,neeraj_dickens@gmail.com,,,Kolkatta,West Bengal,India,620443,2021-11-27 23:53:56,2021-11-27 23:53:56
55,CUS0000056,Vijayalakshmi,Dowd,1977-02-23,7596213093,Female,vijayalakshmi_dowd@gmail.com,,,Bengaluru,Karanataka,India,541710,2021-11-27 23:44:24,2021-11-27 23:44:24
56,CUS0000057,Rajesh,Duncan,1979-10-18,8687520883,Male,rajesh_duncan@gmail.com,,,Kolkatta,West Bengal,India,641856,2021-11-27 23:53:56,2021-11-27 23:53:56
57,CUS0000058,Abhay,Dyer,1996-08-25,8979072770,Female,abhay_dyer@gmail.com,,,Chennai,Tamil Nadu,India,493249,2021-11-27 23:44:24,2021-11-27 23:44:24
58,CUS0000059,Triparna,Edmunds,1975-11-20,8437844312,Male,triparna_edmunds@gmail.com,,,Noida,Delhi,India,631929,2021-11-27 23:44:24,2021-11-27 23:44:24
59,CUS0000060,Adarsh,Ellison,1988-11-20,9487929505,Female,adarsh_ellison@gmail.com,,,Kolkatta,West Bengal,India,397206,2021-11-27 23:53:56,2021-11-27 23:53:56
60,CUS0000061,Sridhar,Ferguson,1976-09-08,7081303482,Male,sridhar_ferguson@gmail.com,,,Chennai,Tamil Nadu,India,655218,2021-11-27 23:44:24,2021-11-27 23:44:24
61,CUS0000062,Ajith,Fisher,1989-10-20,8667379105,Female,ajith_fisher@gmail.com,,,Hyderabad,Telengana,India,516412,2021-11-27 23:44:24,2021-11-27 23:44:24
62,CUS0000063,Sowmya,Forsyth,1977-10-21,9073226134,Male,sowmya_forsyth@gmail.com,,,Noida,Delhi,India,578396,2021-11-27 23:44:24,2021-11-27 23:44:24
63,CUS0000064,Amrit,Fraser,1992-05-20,9111534159,Female,amrit_fraser@gmail.com,,,Kolkatta,West Bengal,India,546903,2021-11-27 23:53:56,2021-11-27 23:53:56
64,CUS0000065,Priya,Gibson,1994-02-11,7880660841,Male,priya_gibson@gmail.com,,,Hyderabad,Telengana,India,411208,2021-11-27 23:44:24,2021-11-27 23:44:24
65,CUS0000066,Amar,Gill,2000-06-14,9509502831,Female,amar_gill@gmail.com,,,Chennai,Tamil Nadu,India,486035,2021-11-27 23:44:24,2021-11-27 23:44:24
66,CUS0000067,Vijayalakshmi,Glover,1977-11-27,7066622893,Male,vijayalakshmi_glover@gmail.com,,,Ahmedabad,Gujarat,India,531583,2021-11-27 23:44:24,2021-11-27 23:44:24
67,CUS0000068,Kanikam,Graham,1971-07-23,8331397977,Female,kanikam_graham@gmail.com,,,Kolkatta,West Bengal,India,356913,2021-11-27 23:53:56,2021-11-27 23:53:56
68,CUS0000069,Anand,Grant,1979-07-03,7989902876,Male,anand_grant@gmail.com,,,Ahmedabad,Gujarat,India,239984,2021-11-27 23:44:24,2021-11-27 23:44:24
69,CUS0000070,Shah,Gray,1988-06-11,8163785361,Female,shah_gray@gmail.com,,,Delhi,Delhi,India,634780,2021-11-27 23:44:24,2021-11-27 23:44:24
70,CUS0000071,Raj,Greene,1977-08-05,8731854980,Male,raj_greene@gmail.com,,,Hyderabad,Telengana,India,150740,2021-11-27 23:44:24,2021-11-27 23:44:24
71,CUS0000072,Swathi,Hamilton,1979-08-02,9411187190,Female,swathi_hamilton@gmail.com,,,Noida,Delhi,India,671112,2021-11-27 23:44:24,2021-11-27 23:44:24
72,CUS0000073,Kamal,Hardacre,1970-10-08,8397336439,Male,kamal_hardacre@gmail.com,,,Ahmedabad,Gujarat,India,439981,2021-11-27 23:44:24,2021-11-27 23:44:24
73,CUS0000074,Anupamaa,Harris,1996-02-18,9614861329,Female,anupamaa_harris@gmail.com,,,Hyderabad,Telengana,India,282678,2021-11-27 23:44:24,2021-11-27 23:44:24
74,CUS0000075,Kamala,Hart,1986-04-19,7936373824,Male,kamala_hart@gmail.com,,,Chennai,Tamil Nadu,India,635412,2021-11-27 23:44:24,2021-11-27 23:44:24
75,CUS0000076,Jasmeet,Hemmings,1995-06-18,7857557836,Female,jasmeet_hemmings@gmail.com,,,Bengaluru,Karanataka,India,511399,2021-11-27 23:44:24,2021-11-27 23:44:24
76,CUS0000077,Karan,Henderson,1989-04-11,7389018808,Male,karan_henderson@gmail.com,,,Delhi,Delhi,India,291590,2021-11-27 23:44:24,2021-11-27 23:44:24
77,CUS0000078,Anuj,Hill,1984-06-12,7108890918,Female,anuj_hill@gmail.com,,,Kolkatta,West Bengal,India,555061,2021-11-27 23:53:56,2021-11-27 23:53:56
78,CUS0000079,Mary,Hodges,1986-07-27,9474293863,Male,mary_hodges@gmail.com,,,Delhi,Delhi,India,628366,2021-11-27 23:44:24,2021-11-27 23:44:24
79,CUS0000080,Megan,Howard,1993-06-21,9540141345,Female,megan_howard@gmail.com,,,Delhi,Delhi,India,239729,2021-11-27 23:44:24,2021-11-27 23:44:24
80,CUS0000081,Melanie,Hudson,1975-11-24,8106135976,Male,melanie_hudson@gmail.com,,,Delhi,Delhi,India,529242,2021-11-27 23:44:24,2021-11-27 23:44:24
81,CUS0000082,Michelle,Hughes,1991-05-05,8825299301,Female,michelle_hughes@gmail.com,,,Bengaluru,Karanataka,India,361394,2021-11-27 23:44:24,2021-11-27 23:44:24
82,CUS0000083,Sandya,Hunter,1999-07-02,9654070176,Male,sandya_hunter@gmail.com,,,Kolkatta,West Bengal,India,489362,2021-11-27 23:53:56,2021-11-27 23:53:56
83,CUS0000084,George,Ince,1973-09-12,7881073515,Female,george_ince@gmail.com,,,Noida,Delhi,India,564084,2021-11-27 23:44:24,2021-11-27 23:44:24
84,CUS0000085,Vaishnavi,Jackson,1978-12-13,9611801678,Male,vaishnavi_jackson@gmail.com,,,Bengaluru,Karanataka,India,527306,2021-11-27 23:44:24,2021-11-27 23:44:24
85,CUS0000086,Rupert,James,1977-07-24,8811901819,Female,rupert_james@gmail.com,,,Bengaluru,Karanataka,India,358680,2021-11-27 23:44:24,2021-11-27 23:44:24
86,CUS0000087,Vishal,Johnston,1991-11-16,7501310349,Male,vishal_johnston@gmail.com,,,Ahmedabad,Gujarat,India,296063,2021-11-27 23:44:24,2021-11-27 23:44:24
87,CUS0000088,Emma,Jones,1983-09-27,8183995784,Female,emma_jones@gmail.com,,,Chennai,Tamil Nadu,India,578611,2021-11-27 23:44:24,2021-11-27 23:44:24
88,CUS0000089,Shreya,Kelly,1970-07-24,7975716631,Male,shreya_kelly@gmail.com,,,Kolkatta,West Bengal,India,158527,2021-11-27 23:53:56,2021-11-27 23:53:56
89,CUS0000090,Raghavan,Kerr,1990-12-01,8040976134,Female,raghavan_kerr@gmail.com,,,Noida,Delhi,India,252028,2021-11-27 23:44:24,2021-11-27 23:44:24
90,CUS0000091,Kavya,King,1984-02-13,8906160434,Male,kavya_king@gmail.com,,,Kolkatta,West Bengal,India,368665,2021-11-27 23:53:56,2021-11-27 23:53:56
91,CUS0000092,Varun,Knox,1992-03-19,9167527102,Female,varun_knox@gmail.com,,,Noida,Delhi,India,615597,2021-11-27 23:44:24,2021-11-27 23:44:24
92,CUS0000093,Ruth,Lambert,1997-02-10,9145352715,Male,ruth_lambert@gmail.com,,,Hyderabad,Telengana,India,410651,2021-11-27 23:44:24,2021-11-27 23:44:24
93,CUS0000094,Sally,Langdon,1988-09-14,9840870896,Female,sally_langdon@gmail.com,,,Chennai,Tamil Nadu,India,285268,2021-11-27 23:44:24,2021-11-27 23:44:24
94,CUS0000095,Samantha,Lawrence,2000-01-12,9538763098,Male,samantha_lawrence@gmail.com,,,Delhi,Delhi,India,527720,2021-11-27 23:44:24,2021-11-27 23:44:24
95,CUS0000096,Sarah,Lee,1993-07-25,8165000497,Female,sarah_lee@gmail.com,,,Kolkatta,West Bengal,India,515425,2021-11-27 23:53:56,2021-11-27 23:53:56
96,CUS0000097,Ramanan,Lewis,1976-07-19,8081633602,Male,ramanan_lewis@gmail.com,,,Ahmedabad,Gujarat,India,456669,2021-11-27 23:44:25,2021-11-27 23:44:25
97,CUS0000098,Kareena,Lyman,1998-02-08,9143224995,Female,kareena_lyman@gmail.com,,,Hyderabad,Telengana,India,322796,2021-11-27 23:44:25,2021-11-27 23:44:25
98,CUS0000099,Deepika,MacDonald,1999-01-01,7585710864,Male,deepika_macdonald@gmail.com,,,Bengaluru,Karanataka,India,482588,2021-11-27 23:44:25,2021-11-27 23:44:25
99,CUS0000100,Hanah,Mackay,1991-07-15,8011771723,Female,hanah_mackay@gmail.com,,,Hyderabad,Telengana,India,548789,2021-11-27 23:44:25,2021-11-27 23:44:25
100,CUS0000101,Shriya,Mackenzie,1987-11-14,8863355869,Male,shriya_mackenzie@gmail.com,,,Noida,Delhi,India,627101,2021-11-27 23:44:25,2021-11-27 23:44:25
101,CUS0000102,Katrina,MacLeod,1977-11-12,9255192745,Female,katrina_macleod@gmail.com,,,Noida,Delhi,India,187058,2021-11-27 23:44:25,2021-11-27 23:44:25
102,CUS0000103,Preethi,Manning,1985-06-03,8113119553,Male,preethi_manning@gmail.com,,,Kolkatta,West Bengal,India,130375,2021-11-27 23:53:57,2021-11-27 23:53:57
103,CUS0000104,Alia,Marshall,1976-06-09,8515392484,Female,alia_marshall@gmail.com,,,Chennai,Tamil Nadu,India,245271,2021-11-27 23:44:25,2021-11-27 23:44:25
104,CUS0000105,Vicky,Martin,1980-05-08,8141120285,Male,vicky_martin@gmail.com,,,Noida,Delhi,India,186054,2021-11-27 23:44:25,2021-11-27 23:44:25
105,CUS0000106,Rani,Mathis,1975-05-16,8841101520,Female,rani_mathis@gmail.com,,,Ahmedabad,Gujarat,India,661851,2021-11-27 23:44:25,2021-11-27 23:44:25
106,CUS0000107,Ranveer,May,1984-05-21,9419510443,Male,ranveer_may@gmail.com,,,Chennai,Tamil Nadu,India,463719,2021-11-27 23:44:25,2021-11-27 23:44:25
107,CUS0000108,Prince,McDonald,1998-05-05,8786620902,Female,prince_mcdonald@gmail.com,,,Kolkatta,West Bengal,India,188657,2021-11-27 23:53:57,2021-11-27 23:53:57
108,CUS0000109,Ranbeer,McLean,1999-11-27,8281346443,Male,ranbeer_mclean@gmail.com,,,Delhi,Delhi,India,505240,2021-11-27 23:44:25,2021-11-27 23:44:25
109,CUS0000110,Prakshaal,McGrath,1979-05-06,8355639473,Female,prakshaal_mcgrath@gmail.com,,,Bengaluru,Karanataka,India,606629,2021-11-27 23:44:25,2021-11-27 23:44:25
110,CUS0000111,Nicola,Metcalfe,1970-07-17,9545539568,Male,nicola_metcalfe@gmail.com,,,Ahmedabad,Gujarat,India,214395,2021-11-27 23:44:25,2021-11-27 23:44:25
111,CUS0000112,Olivia,Miller,1990-05-13,8581167093,Female,olivia_miller@gmail.com,,,Hyderabad,Telengana,India,610389,2021-11-27 23:44:25,2021-11-27 23:44:25
112,CUS0000113,Penelope,Mills,1970-02-13,7103566283,Male,penelope_mills@gmail.com,,,Bengaluru,Karanataka,India,211101,2021-11-27 23:44:25,2021-11-27 23:44:25
113,CUS0000114,Pippa,Mitchell,1970-04-14,8437136717,Female,pippa_mitchell@gmail.com,,,Bengaluru,Karanataka,India,473792,2021-11-27 23:44:25,2021-11-27 23:44:25
114,CUS0000115,Vinitha,Morgan,1999-02-09,9543689916,Male,vinitha_morgan@gmail.com,,,Chennai,Tamil Nadu,India,248146,2021-11-27 23:44:25,2021-11-27 23:44:25
115,CUS0000116,Dharun,Morrison,1982-03-26,7309278983,Female,dharun_morrison@gmail.com,,,Ahmedabad,Gujarat,India,491148,2021-11-27 23:44:25,2021-11-27 23:44:25
116,CUS0000117,Niharika,Murray,1993-11-18,8176253102,Male,niharika_murray@gmail.com,,,Delhi,Delhi,India,232993,2021-11-27 23:44:25,2021-11-27 23:44:25
117,CUS0000118,Eric,Nash,1980-06-12,7652061872,Female,eric_nash@gmail.com,,,Hyderabad,Telengana,India,402279,2021-11-27 23:44:25,2021-11-27 23:44:25
118,CUS0000119,Evan,Newman,1971-05-20,7226796572,Male,evan_newman@gmail.com,,,Chennai,Tamil Nadu,India,543648,2021-11-27 23:44:25,2021-11-27 23:44:25
119,CUS0000120,Frank,Nolan,1980-11-13,8746378352,Female,frank_nolan@gmail.com,,,Delhi,Delhi,India,684522,2021-11-27 23:44:25,2021-11-27 23:44:25
120,CUS0000121,Gavin,North,1974-07-20,8919979004,Male,gavin_north@gmail.com,,,Kolkatta,West Bengal,India,266603,2021-11-27 23:53:57,2021-11-27 23:53:57
121,CUS0000122,Gordon,Ogden,1998-05-04,9058373249,Female,gordon_ogden@gmail.com,,,Kolkatta,West Bengal,India,363757,2021-11-27 23:53:57,2021-11-27 23:53:57
122,CUS0000123,Harry,Oliver,1975-05-13,9719341481,Male,harry_oliver@gmail.com,,,Hyderabad,Telengana,India,574097,2021-11-27 23:44:25,2021-11-27 23:44:25
123,CUS0000124,Ian,Paige,1988-06-19,7738016471,Female,ian_paige@gmail.com,,,Kolkatta,West Bengal,India,581405,2021-11-27 23:53:57,2021-11-27 23:53:57
124,CUS0000125,Isaac,Parr,1999-03-27,8278519761,Male,isaac_parr@gmail.com,,,Chennai,Tamil Nadu,India,228536,2021-11-27 23:44:25,2021-11-27 23:44:25
125,CUS0000126,Jack,Parsons,1994-04-28,9438814429,Female,jack_parsons@gmail.com,,,Hyderabad,Telengana,India,443487,2021-11-27 23:44:25,2021-11-27 23:44:25
126,CUS0000127,Jacob,Paterson,1983-05-10,8142529880,Male,jacob_paterson@gmail.com,,,Bengaluru,Karanataka,India,157096,2021-11-27 23:44:25,2021-11-27 23:44:25
127,CUS0000128,Jake,Payne,1978-08-08,9232546903,Female,jake_payne@gmail.com,,,Chennai,Tamil Nadu,India,108978,2021-11-27 23:44:25,2021-11-27 23:44:25
128,CUS0000129,James,Peake,1976-06-28,7252008888,Male,james_peake@gmail.com,,,Bengaluru,Karanataka,India,465335,2021-11-27 23:44:25,2021-11-27 23:44:25
129,CUS0000130,Jason,Peters,1988-06-15,7889317436,Female,jason_peters@gmail.com,,,Chennai,Tamil Nadu,India,304537,2021-11-27 23:44:25,2021-11-27 23:44:25
130,CUS0000131,Joe,Piper,1999-03-21,7865246944,Male,joe_piper@gmail.com,,,Kolkatta,West Bengal,India,452128,2021-11-27 23:53:57,2021-11-27 23:53:57
131,CUS0000132,John,Poole,1986-10-16,8106265016,Female,john_poole@gmail.com,,,Kolkatta,West Bengal,India,491565,2021-11-27 23:53:57,2021-11-27 23:53:57
132,CUS0000133,Jonathan,Powell,1982-05-07,9470250275,Male,jonathan_powell@gmail.com,,,Bengaluru,Karanataka,India,444398,2021-11-27 23:44:25,2021-11-27 23:44:25
133,CUS0000134,Joseph,Pullman,1971-04-11,9953209736,Female,joseph_pullman@gmail.com,,,Bengaluru,Karanataka,India,418754,2021-11-27 23:44:25,2021-11-27 23:44:25
134,CUS0000135,Joshua,Quinn,1972-05-09,7242383980,Male,joshua_quinn@gmail.com,,,Bengaluru,Karanataka,India,363679,2021-11-27 23:44:25,2021-11-27 23:44:25
135,CUS0000136,Julian,Rampling,1972-10-28,9518555517,Female,julian_rampling@gmail.com,,,Ahmedabad,Gujarat,India,406841,2021-11-27 23:44:25,2021-11-27 23:44:25
136,CUS0000137,Justin,Wali,1976-10-22,9040673575,Male,justin_wali@gmail.com,,,Chennai,Tamil Nadu,India,545874,2021-11-27 23:44:25,2021-11-27 23:44:25
137,CUS0000138,Keith,Balay,1983-03-25,9463518343,Female,keith_balay@gmail.com,,,Delhi,Delhi,India,152085,2021-11-27 23:44:25,2021-11-27 23:44:25
138,CUS0000139,Kevin,Bali,1974-08-05,8948413514,Male,kevin_bali@gmail.com,,,Ahmedabad,Gujarat,India,513244,2021-11-27 23:44:25,2021-11-27 23:44:25
139,CUS0000140,Leonard,Bandi,1986-06-26,7711813689,Female,leonard_bandi@gmail.com,,,Delhi,Delhi,India,322457,2021-11-27 23:44:25,2021-11-27 23:44:25
140,CUS0000141,Liam,Banerjee,1990-08-28,7942842272,Male,liam_banerjee@gmail.com,,,Bengaluru,Karanataka,India,233687,2021-11-27 23:44:25,2021-11-27 23:44:25
141,CUS0000142,Lucas,Banik,1976-11-16,8050256930,Female,lucas_banik@gmail.com,,,Chennai,Tamil Nadu,India,537319,2021-11-27 23:44:25,2021-11-27 23:44:25
142,CUS0000143,Luke,Bansal,1994-07-13,8045945442,Male,luke_bansal@gmail.com,,,Noida,Delhi,India,356303,2021-11-27 23:44:25,2021-11-27 23:44:25
143,CUS0000144,Matt,Barad,1985-10-09,7093676869,Female,matt_barad@gmail.com,,,Bengaluru,Karanataka,India,491872,2021-11-27 23:44:25,2021-11-27 23:44:25
144,CUS0000145,Max,Barad,1988-02-27,9931236437,Male,max_barad@gmail.com,,,Kolkatta,West Bengal,India,646195,2021-11-27 23:53:57,2021-11-27 23:53:57
145,CUS0000146,Michael,Baral,1986-06-10,8291875009,Female,michael_baral@gmail.com,,,Kolkatta,West Bengal,India,196206,2021-11-27 23:53:57,2021-11-27 23:53:57
146,CUS0000147,Nathan,Baria,1994-08-03,8698885607,Male,nathan_baria@gmail.com,,,Ahmedabad,Gujarat,India,653312,2021-11-27 23:44:25,2021-11-27 23:44:25
147,CUS0000148,Neil,Barman,1972-06-26,7308991131,Female,neil_barman@gmail.com,,,Delhi,Delhi,India,320406,2021-11-27 23:44:25,2021-11-27 23:44:25
148,CUS0000149,Nicholas,Basak,1976-08-02,8798591669,Male,nicholas_basak@gmail.com,,,Ahmedabad,Gujarat,India,433580,2021-11-27 23:44:25,2021-11-27 23:44:25
149,CUS0000150,Oliver,Bassi,1970-08-24,8466132866,Female,oliver_bassi@gmail.com,,,Kolkatta,West Bengal,India,405887,2021-11-27 23:53:57,2021-11-27 23:53:57
150,CUS0000151,Owen,Basu,1997-05-08,9676662750,Male,owen_basu@gmail.com,,,Hyderabad,Telengana,India,466066,2021-11-27 23:44:25,2021-11-27 23:44:25
151,CUS0000152,Paul,Bath,1994-02-16,8207243234,Female,paul_bath@gmail.com,,,Kolkatta,West Bengal,India,311534,2021-11-27 23:53:57,2021-11-27 23:53:57
152,CUS0000153,Peter,Batra,2000-04-09,9163499634,Male,peter_batra@gmail.com,,,Hyderabad,Telengana,India,574763,2021-11-27 23:44:25,2021-11-27 23:44:25
153,CUS0000154,Phil,Batta,1972-09-04,9896435554,Female,phil_batta@gmail.com,,,Bengaluru,Karanataka,India,543848,2021-11-27 23:44:25,2021-11-27 23:44:25
154,CUS0000155,Piers,Bava,1988-07-05,8289498435,Male,piers_bava@gmail.com,,,Chennai,Tamil Nadu,India,264729,2021-11-27 23:44:26,2021-11-27 23:44:26
155,CUS0000156,Richard,Bawa,1994-11-21,8863129861,Female,richard_bawa@gmail.com,,,Bengaluru,Karanataka,India,400032,2021-11-27 23:44:26,2021-11-27 23:44:26
156,CUS0000157,Robert,Bedi,1985-10-14,8879931177,Male,robert_bedi@gmail.com,,,Delhi,Delhi,India,656798,2021-11-27 23:44:26,2021-11-27 23:44:26
157,CUS0000158,Ryan,Behl,1995-08-04,8949993646,Female,ryan_behl@gmail.com,,,Noida,Delhi,India,279985,2021-11-27 23:44:26,2021-11-27 23:44:26
158,CUS0000159,Sam,Ben,1972-01-27,8402201717,Male,sam_ben@gmail.com,,,Ahmedabad,Gujarat,India,620494,2021-11-27 23:44:26,2021-11-27 23:44:26
159,CUS0000160,Sreenath,Bera,1979-05-12,7793142952,Female,sreenath_bera@gmail.com,,,Ahmedabad,Gujarat,India,201650,2021-11-27 23:44:26,2021-11-27 23:44:26
160,CUS0000161,Arka,Bhagat,1983-12-06,7612246373,Male,arka_bhagat@gmail.com,,,Kolkatta,West Bengal,India,262549,2021-11-27 23:53:57,2021-11-27 23:53:57
161,CUS0000162,Jeremy,Bhakta,1982-12-14,8043241283,Female,jeremy_bhakta@gmail.com,,,Chennai,Tamil Nadu,India,630498,2021-11-27 23:44:26,2021-11-27 23:44:26
162,CUS0000163,Shruthy,Bhalla,2000-09-02,9723133222,Male,shruthy_bhalla@gmail.com,,,Ahmedabad,Gujarat,India,199383,2021-11-27 23:44:26,2021-11-27 23:44:26
163,CUS0000164,Sahana,Bhandari,1993-01-21,9397872273,Female,sahana_bhandari@gmail.com,,,Noida,Delhi,India,374502,2021-11-27 23:44:26,2021-11-27 23:44:26
164,CUS0000165,Swetha,Bhardwaj,1990-08-19,9975294329,Male,swetha_bhardwaj@gmail.com,,,Kolkatta,West Bengal,India,564013,2021-11-27 23:53:57,2021-11-27 23:53:57
165,CUS0000166,Allu,Bhargava,1983-07-21,7272794918,Female,allu_bhargava@gmail.com,,,Chennai,Tamil Nadu,India,177766,2021-11-27 23:44:26,2021-11-27 23:44:26
166,CUS0000167,Naga,Bhasin,1997-01-26,7766657718,Male,naga_bhasin@gmail.com,,,Ahmedabad,Gujarat,India,207028,2021-11-27 23:44:26,2021-11-27 23:44:26
167,CUS0000168,Aaliyah,Bhat,1972-09-04,9153279360,Female,aaliyah_bhat@gmail.com,,,Bengaluru,Karanataka,India,478598,2021-11-27 23:44:26,2021-11-27 23:44:26
168,CUS0000169,Samantha,Bhatia,1973-06-19,7946661337,Male,samantha_bhatia@gmail.com,,,Bengaluru,Karanataka,India,518644,2021-11-27 23:44:26,2021-11-27 23:44:26
169,CUS0000170,Ahaana,Bhatnagar,1996-11-03,7453088697,Female,ahaana_bhatnagar@gmail.com,,,Noida,Delhi,India,245023,2021-11-27 23:44:26,2021-11-27 23:44:26
170,CUS0000171,Arjun,Bhatt,1983-06-12,8453687091,Male,arjun_bhatt@gmail.com,,,Bengaluru,Karanataka,India,510030,2021-11-27 23:44:26,2021-11-27 23:44:26
171,CUS0000172,Riza,Bhattacharyya,1993-01-13,9509329122,Female,riza_bhattacharyya@gmail.com,,,Noida,Delhi,India,505981,2021-11-27 23:44:26,2021-11-27 23:44:26
172,CUS0000173,Siddharth,Bhatti,1977-05-12,7475708012,Male,siddharth_bhatti@gmail.com,,,Bengaluru,Karanataka,India,291706,2021-11-27 23:44:26,2021-11-27 23:44:26
173,CUS0000174,Jenifer,Bhavsar,1992-08-25,8651467375,Female,jenifer_bhavsar@gmail.com,,,Delhi,Delhi,India,150444,2021-11-27 23:44:26,2021-11-27 23:44:26
174,CUS0000175,Shyam,Bir,1976-08-25,7818049483,Male,shyam_bir@gmail.com,,,Ahmedabad,Gujarat,India,525936,2021-11-27 23:44:26,2021-11-27 23:44:26
175,CUS0000176,Monica,Biswas,1998-10-08,7964025791,Female,monica_biswas@gmail.com,,,Hyderabad,Telengana,India,570073,2021-11-27 23:44:26,2021-11-27 23:44:26
176,CUS0000177,Tanmay,Boase,1971-03-12,7669649064,Male,tanmay_boase@gmail.com,,,Noida,Delhi,India,138078,2021-11-27 23:44:26,2021-11-27 23:44:26
177,CUS0000178,Vikram,Bobal,1973-12-27,8101173420,Female,vikram_bobal@gmail.com,,,Chennai,Tamil Nadu,India,521391,2021-11-27 23:44:26,2021-11-27 23:44:26
178,CUS0000179,Sanjana,Bora,1984-01-26,9055337842,Male,sanjana_bora@gmail.com,,,Bengaluru,Karanataka,India,240818,2021-11-27 23:44:26,2021-11-27 23:44:26
179,CUS0000180,Nandhitha,Bora,1971-03-23,8013540804,Female,nandhitha_bora@gmail.com,,,Delhi,Delhi,India,209525,2021-11-27 23:44:26,2021-11-27 23:44:26
180,CUS0000181,Vyshali,Borah,1988-12-06,7098406135,Male,vyshali_borah@gmail.com,,,Delhi,Delhi,India,684226,2021-11-27 23:44:26,2021-11-27 23:44:26
181,CUS0000182,Riya,Borde,1999-02-14,7889222160,Female,riya_borde@gmail.com,,,Chennai,Tamil Nadu,India,136904,2021-11-27 23:44:26,2021-11-27 23:44:26
182,CUS0000183,Nithish,Borra,1986-11-25,7832687781,Male,nithish_borra@gmail.com,,,Delhi,Delhi,India,165513,2021-11-27 23:44:26,2021-11-27 23:44:26
183,CUS0000184,Hema,Bose,1981-09-24,7400589074,Female,hema_bose@gmail.com,,,Kolkatta,West Bengal,India,622431,2021-11-27 23:53:58,2021-11-27 23:53:58
184,CUS0000185,Chandler,Brahmbhatt,1978-07-04,8647815768,Male,chandler_brahmbhatt@gmail.com,,,Kolkatta,West Bengal,India,382472,2021-11-27 23:53:58,2021-11-27 23:53:58
185,CUS0000186,Joey,Brar,1971-08-16,7727643727,Female,joey_brar@gmail.com,,,Delhi,Delhi,India,112643,2021-11-27 23:44:26,2021-11-27 23:44:26
186,CUS0000187,Rishi,Buch,1971-05-14,9590224630,Male,rishi_buch@gmail.com,,,Delhi,Delhi,India,522130,2021-11-27 23:44:26,2021-11-27 23:44:26
187,CUS0000188,Phoebe,Buch,1995-05-20,7474835290,Female,phoebe_buch@gmail.com,,,Delhi,Delhi,India,674380,2021-11-27 23:44:26,2021-11-27 23:44:26
188,CUS0000189,Gopi,Bumb,1982-06-08,8200408729,Male,gopi_bumb@gmail.com,,,Noida,Delhi,India,586182,2021-11-27 23:44:26,2021-11-27 23:44:26
189,CUS0000190,Eashwar,Butala,1996-06-03,7162670287,Female,eashwar_butala@gmail.com,,,Hyderabad,Telengana,India,676882,2021-11-27 23:44:26,2021-11-27 23:44:26
190,CUS0000191,Neha,Chacko,1972-04-28,7613897189,Male,neha_chacko@gmail.com,,,Kolkatta,West Bengal,India,415042,2021-11-27 23:53:58,2021-11-27 23:53:58
191,CUS0000192,Darshini,Chad,1976-08-06,9746062583,Female,darshini_chad@gmail.com,,,Bengaluru,Karanataka,India,373667,2021-11-27 23:44:26,2021-11-27 23:44:26
192,CUS0000193,Deepan,Chada,1974-03-12,9165267416,Male,deepan_chada@gmail.com,,,Kolkatta,West Bengal,India,161452,2021-11-27 23:53:58,2021-11-27 23:53:58
193,CUS0000194,Bindu,Chadha,1994-08-18,7459743545,Female,bindu_chadha@gmail.com,,,Delhi,Delhi,India,318050,2021-11-27 23:44:26,2021-11-27 23:44:26
194,CUS0000195,Ulfath,Chahal,1994-01-28,7514994050,Male,ulfath_chahal@gmail.com,,,Bengaluru,Karanataka,India,398970,2021-11-27 23:44:26,2021-11-27 23:44:26
195,CUS0000196,Fathima,Chakrabarti,1976-02-05,7640680250,Female,fathima_chakrabarti@gmail.com,,,Noida,Delhi,India,595526,2021-11-27 23:44:26,2021-11-27 23:44:26
196,CUS0000197,Shrikanth,Sura,1977-06-05,8399332168,Male,shrikanth_sura@gmail.com,,,Kolkatta,West Bengal,India,288347,2021-11-27 23:53:58,2021-11-27 23:53:58
197,CUS0000198,Aashika,Suresh,1979-09-18,7327884830,Female,aashika_suresh@gmail.com,,,Ahmedabad,Gujarat,India,672622,2021-11-27 23:44:26,2021-11-27 23:44:26
198,CUS0000199,Renu,Suri,1983-04-20,8461864142,Male,renu_suri@gmail.com,,,Kolkatta,West Bengal,India,645188,2021-11-27 23:53:58,2021-11-27 23:53:58
199,CUS0000200,Yeshwanth,Swaminathan,1981-08-03,8461864242,Female,yeshwanth_swaminathan@gmail.com,,,Hyderabad,Telangana,India,572441,2021-11-27 23:55:16,2021-11-27 23:55:16
