customerid,FirstName,LastName,DOB,MobileNumber,Gender,EmailID,AddressLine1,AddressLine2,City,State,Country,PinCode,createdatetime,updatedatetime
CUS0000001,Vaibhav,Sanket,21-11-88,9887766789,Male,vaibhav_sanket@gmail.com,"#22, 3rd Sector,",CSG Road,Bengaluru,Karnataka,India,530068,27-11-21 23:44,27-11-21 23:44
CUS0000002,Meera,Kumar,11-05-90,9543455321,Female,meera.kumar1@hotmail.com,"#C20, Shyam Apartments,","Bazaar Road,",Delhi,Delhi,India,110001,27-11-21 23:44,27-11-21 23:44
CUS0000003,Uma,Suresh,09-08-97,8900976556,Female,uma.suresh2@yahoo.com,"#44, Pooja Nagar,",2nd Cross Street,Chennai,Tamil Nadu,India,600066,27-11-21 23:44,27-11-21 23:44
CUS0000004,Ankit,Reddy,31-05-92,9000786789,Male,ankit.reddy123@hotmail.com,"#B4001, Ceebros Apartments,","3rd Sector,",Hyderabad,Telangana,India,500006,27-11-21 23:44,27-11-21 23:44
CUS0000005,Noopur,Singh,01-07-80,9216777569,Female,noopur.singh_a1@gmail.com,"#D201, Ram Apartmenets,","GH Road,",Delhi,Delhi,India,110021,27-11-21 23:44,27-11-21 23:44
CUS0000006,Aishwarya,Sharma,13-09-87,9877900123,Female,aishwarya.sharmaa@hotmail.com,"#04, Tank Road","3rd Sector,",Delhi,Delhi,India,110045,27-11-21 23:44,27-11-21 23:44
CUS0000007,Achint,Das,17-08-93,7899236542,Male,achint.das1009@gmail.com,"#FC01, Seeta Estate,","4th Secctor, Main Rd,",Ahmedabad,Gujarat,India,320008,27-11-21 23:44,27-11-21 23:44
CUS0000008,Gautam,Gambhir,14-02-78,9002155676,Male,gautam.gambhir1988@gmail.com,"#39, Raman Street,","Bridge Subway Rd,",Noida,Delhi,India,201009,27-11-21 23:44,27-11-21 23:44
CUS0000009,Saswathi,Roy,19-03-70,8900466129,Female,saswathi.roy2011@hotmail.com,"#A001, RamaTree apartments,","Chatterjee Street,",Kolkatta,WestBengal,India,700015,27-11-21 23:44,27-11-21 23:44
CUS0000010,Krithika,Gujran,05-01-85,9874723580,Female,krithika.gujran11@hotmail.com,"#B002, Skyshot Apartments,","Commercial Street,",Bengaluru,Karnataka,India,530011,27-11-21 23:44,27-11-21 23:44
CUS0000011,Talitha,Preethi,11-06-90,9409359360,Female,talitha_preethi05@gmail.com,,,Chennai,Tamil Nadu,India,159182,27-11-21 23:44,27-11-21 23:44
CUS0000012,Jane,Abraham,09-09-97,9508847010,Female,jane_abraham0909@yahoo.com,,,Hyderabad,Hyderabad,India,653073,27-11-21 23:44,27-11-21 23:44
CUS0000013,Irum,Mirza,29-06-92,9608334661,Female,irum_mirza2929@yahoo.com,,,Bengaluru,Karnataka,India,357523,27-11-21 23:44,27-11-21 23:44
CUS0000014,Javeed,Ali,07-07-80,9707822311,Male,javeed_ali0707@gmail.com,,,Delhi,Delhi,India,677493,27-11-21 23:44,27-11-21 23:44
CUS0000015,Siddhanth,Jain,13-11-87,9807309961,Male,siddhanth_jain1313@gmail.com,,,Ahmedabad,Gujarat,India,483752,27-11-21 23:44,27-11-21 23:44
CUS0000016,Nathan,Smith,17-12-93,9906797611,Male,nathan_smith1717@yahoo.com,,,Kolkatta,WestBengal,India,170968,27-11-21 23:44,27-11-21 23:44
CUS0000017,Jay,Shetty,14-08-78,9543455320,Male,jay_shetty1414@hotmail.com,,,Ahmedabad,Gujarat,India,644759,27-11-21 23:44,27-11-21 23:44
CUS0000018,Rizwan,Khan,19-03-72,8900976500,Male,rizwan_khan1919@yahoo.com,,,Chennai,Tamil Nadu,India,428166,27-11-21 23:44,27-11-21 23:44
CUS0000019,Sunitha,Akkineni,25-12-96,9965433213,Female,sunitha_akkineni@gmail.com,,,Hyderabad,Telangana,India,686306,27-11-21 23:44,27-11-21 23:44
CUS0000020,Shivam,Hegde,31-01-71,8890777654,Male,shivam_hegde@yahoo.com,,,Bengaluru,Karanataka,India,125253,27-11-21 23:44,27-11-21 23:44
CUS0000021,Ratan,Patil,23-11-01,7112433213,Male,ratan_patil@gmail.com,,,Noida,Delhi,India,312620,27-11-21 23:44,27-11-21 23:44
CUS0000022,Pete,Weasley,22-09-89,7554423451,Male,pete_weasley@gmail.com,,,Delhi,Delhi,India,450858,27-11-21 23:44,27-11-21 23:44
CUS0000023,Mohammed,Ali,13-11-87,7990954323,Male,mohammed_ali@hotmail.com,,,Hyderabad,Telangana,India,592855,27-11-21 23:44,27-11-21 23:44
CUS0000024,Hari,Chakravarthy,17-12-94,7880099543,Male,hari_chakravarthy@gmail.com,,,Kolkatta,WestBengal,India,188405,27-11-21 23:44,27-11-21 23:44
CUS0000025,Aadya,Bhacchan,14-08-79,8990012563,Female,aadya_bhacchan@gmail.com,,,Kolkatta,WestBengal,India,286585,27-11-21 23:44,27-11-21 23:44
CUS0000026,Achintya,Ambani,19-03-71,9654120098,Male,achintya_ambani@gmail.com,,,Ahmedabad,Gujarat,India,253360,27-11-21 23:44,27-11-21 23:44
CUS0000027,Mokshit,Banerjee,25-10-96,9600011235,Male,mokshit_banerjee@hotmail.com,,,Kolkatta,West Bengal,India,606728,27-11-21 23:53,27-11-21 23:53
CUS0000028,Shaurya,Kishore,31-10-71,9112765778,Male,shaurya_kishore@yahoo.com,,,Bengaluru,Karanataka,India,526900,27-11-21 23:44,27-11-21 23:44
CUS0000029,Aditya,Varma,24-11-01,8912632211,Male,aditya_varma@gmail.com,,,Hyderabad,Telangana,India,619727,27-11-21 23:44,27-11-21 23:44
CUS0000030,Vandana,Rajeev,22-09-90,9001128990,Female,vandana_rajeev@gmail.com,,,Chennai,Tamil Nadu,India,574235,27-11-21 23:44,27-11-21 23:44
CUS0000031,Lillian,Bailey,19-05-94,9900987654,Male,lillian_bailey@gmail.com,,,Delhi,Delhi,India,201944,27-11-21 23:44,27-11-21 23:44
CUS0000032,Lily,Baker,17-04-76,8334455432,Female,lily_baker@gmail.com,,,Bengaluru,Karanataka,India,374862,27-11-21 23:44,27-11-21 23:44
CUS0000033,Lisa,Ball,14-05-85,9007711223,Male,lisa_ball@gmail.com,,,Delhi,Delhi,India,454238,27-11-21 23:44,27-11-21 23:44
CUS0000034,Madeleine,Bell,05-05-81,9088712234,Female,madeleine_bell@gmail.com,,,Delhi,Delhi,India,124936,27-11-21 23:44,27-11-21 23:44
CUS0000035,Maria,Berry,13-05-74,8009865567,Male,maria_berry@gmail.com,,,Kolkatta,West Bengal,India,354952,27-11-21 23:53,27-11-21 23:53
CUS0000036,Aarti,Black,13-11-85,7899011245,Female,aarti_black@gmail.com,,,Bengaluru,Karanataka,India,557691,27-11-21 23:44,27-11-21 23:44
CUS0000037,Richa,Blake,03-11-70,7616525496,Male,richa_blake@gmail.com,,,Chennai,Tamil Nadu,India,410410,27-11-21 23:44,27-11-21 23:44
CUS0000038,Janani,Bond,14-01-00,7305021192,Female,janani_bond@gmail.com,,,Bengaluru,Karanataka,India,392833,27-11-21 23:44,27-11-21 23:44
CUS0000039,Anjali,Bower,12-04-89,6993516888,Male,anjali_bower@gmail.com,,,Bengaluru,Karanataka,India,245400,27-11-21 23:44,27-11-21 23:44
CUS0000040,Molly,Brown,13-04-75,6682012585,Female,molly_brown@gmail.com,,,Chennai,Tamil Nadu,India,499475,27-11-21 23:44,27-11-21 23:44
CUS0000041,Natalie,Buckland,25-05-74,6370508281,Male,natalie_buckland@gmail.com,,,Delhi,Delhi,India,288877,27-11-21 23:44,27-11-21 23:44
CUS0000042,Aakash,Burgess,14-05-91,9059003977,Female,aakash_burgess@gmail.com,,,Chennai,Tamil Nadu,India,149171,27-11-21 23:44,27-11-21 23:44
CUS0000043,Balaji,Butler,07-06-80,9747499674,Male,balaji_butler@gmail.com,,,Bengaluru,Karanataka,India,413648,27-11-21 23:44,27-11-21 23:44
CUS0000044,Dinesh,Cameron,21-01-77,7599297073,Female,dinesh_cameron@gmail.com,,,Noida,Delhi,India,240268,27-11-21 23:44,27-11-21 23:44
CUS0000045,Murali,Campbell,02-02-99,8649068713,Male,murali_campbell@gmail.com,,,Noida,Delhi,India,507731,27-11-21 23:44,27-11-21 23:44
CUS0000046,Rachel,Carr,18-02-90,7837305409,Female,rachel_carr@gmail.com,,,Kolkatta,West Bengal,India,464864,27-11-21 23:53,27-11-21 23:53
CUS0000047,Rebecca,Chapman,25-09-95,9651806550,Male,rebecca_chapman@gmail.com,,,Hyderabad,Telengana,India,272442,27-11-21 23:44,27-11-21 23:44
CUS0000048,Rose,Churchill,12-06-92,9403229457,Female,rose_churchill@gmail.com,,,Hyderabad,Telengana,India,521837,27-11-21 23:44,27-11-21 23:44
CUS0000049,Nayana,Clark,11-02-71,9603579678,Male,nayana_clark@gmail.com,,,Chennai,Tamil Nadu,India,326009,27-11-21 23:44,27-11-21 23:44
CUS0000050,Arpit,Clarkson,25-07-95,7534111322,Female,arpit_clarkson@gmail.com,,,Noida,Delhi,India,414527,27-11-21 23:44,27-11-21 23:44
CUS0000051,Naman,Coleman,17-11-79,7769506614,Male,naman_coleman@gmail.com,,,Chennai,Tamil Nadu,India,585636,27-11-21 23:44,27-11-21 23:44
CUS0000052,Veda,Cornish,24-03-84,8510376794,Female,veda_cornish@gmail.com,,,Noida,Delhi,India,553926,27-11-21 23:44,27-11-21 23:44
CUS0000053,Sonia,Davidson,12-07-99,8278693067,Male,sonia_davidson@gmail.com,,,Bengaluru,Karanataka,India,105438,27-11-21 23:44,27-11-21 23:44
CUS0000054,Sophie,Davies,19-07-72,8987383767,Female,sophie_davies@gmail.com,,,Ahmedabad,Gujarat,India,107890,27-11-21 23:44,27-11-21 23:44
CUS0000055,Neeraj,Dickens,02-06-92,7548234753,Male,neeraj_dickens@gmail.com,,,Kolkatta,West Bengal,India,620443,27-11-21 23:53,27-11-21 23:53
CUS0000056,Vijayalakshmi,Dowd,23-02-77,7596213093,Female,vijayalakshmi_dowd@gmail.com,,,Bengaluru,Karanataka,India,541710,27-11-21 23:44,27-11-21 23:44
CUS0000057,Rajesh,Duncan,18-10-79,8687520883,Male,rajesh_duncan@gmail.com,,,Kolkatta,West Bengal,India,641856,27-11-21 23:53,27-11-21 23:53
CUS0000058,Abhay,Dyer,25-08-96,8979072770,Female,abhay_dyer@gmail.com,,,Chennai,Tamil Nadu,India,493249,27-11-21 23:44,27-11-21 23:44
CUS0000059,Triparna,Edmunds,20-11-75,8437844312,Male,triparna_edmunds@gmail.com,,,Noida,Delhi,India,631929,27-11-21 23:44,27-11-21 23:44
CUS0000060,Adarsh,Ellison,20-11-88,9487929505,Female,adarsh_ellison@gmail.com,,,Kolkatta,West Bengal,India,397206,27-11-21 23:53,27-11-21 23:53
CUS0000061,Sridhar,Ferguson,08-09-76,7081303482,Male,sridhar_ferguson@gmail.com,,,Chennai,Tamil Nadu,India,655218,27-11-21 23:44,27-11-21 23:44
CUS0000062,Ajith,Fisher,20-10-89,8667379105,Female,ajith_fisher@gmail.com,,,Hyderabad,Telengana,India,516412,27-11-21 23:44,27-11-21 23:44
CUS0000063,Sowmya,Forsyth,21-10-77,9073226134,Male,sowmya_forsyth@gmail.com,,,Noida,Delhi,India,578396,27-11-21 23:44,27-11-21 23:44
CUS0000064,Amrit,Fraser,20-05-92,9111534159,Female,amrit_fraser@gmail.com,,,Kolkatta,West Bengal,India,546903,27-11-21 23:53,27-11-21 23:53
CUS0000065,Priya,Gibson,11-02-94,7880660841,Male,priya_gibson@gmail.com,,,Hyderabad,Telengana,India,411208,27-11-21 23:44,27-11-21 23:44
CUS0000066,Amar,Gill,14-06-00,9509502831,Female,amar_gill@gmail.com,,,Chennai,Tamil Nadu,India,486035,27-11-21 23:44,27-11-21 23:44
CUS0000067,Vijayalakshmi,Glover,27-11-77,7066622893,Male,vijayalakshmi_glover@gmail.com,,,Ahmedabad,Gujarat,India,531583,27-11-21 23:44,27-11-21 23:44
CUS0000068,Kanikam,Graham,23-07-71,8331397977,Female,kanikam_graham@gmail.com,,,Kolkatta,West Bengal,India,356913,27-11-21 23:53,27-11-21 23:53
CUS0000069,Anand,Grant,03-07-79,7989902876,Male,anand_grant@gmail.com,,,Ahmedabad,Gujarat,India,239984,27-11-21 23:44,27-11-21 23:44
CUS0000070,Shah,Gray,11-06-88,8163785361,Female,shah_gray@gmail.com,,,Delhi,Delhi,India,634780,27-11-21 23:44,27-11-21 23:44
CUS0000071,Raj,Greene,05-08-77,8731854980,Male,raj_greene@gmail.com,,,Hyderabad,Telengana,India,150740,27-11-21 23:44,27-11-21 23:44
CUS0000072,Swathi,Hamilton,02-08-79,9411187190,Female,swathi_hamilton@gmail.com,,,Noida,Delhi,India,671112,27-11-21 23:44,27-11-21 23:44
CUS0000073,Kamal,Hardacre,08-10-70,8397336439,Male,kamal_hardacre@gmail.com,,,Ahmedabad,Gujarat,India,439981,27-11-21 23:44,27-11-21 23:44
CUS0000074,Anupamaa,Harris,18-02-96,9614861329,Female,anupamaa_harris@gmail.com,,,Hyderabad,Telengana,India,282678,27-11-21 23:44,27-11-21 23:44
CUS0000075,Kamala,Hart,19-04-86,7936373824,Male,kamala_hart@gmail.com,,,Chennai,Tamil Nadu,India,635412,27-11-21 23:44,27-11-21 23:44
CUS0000076,Jasmeet,Hemmings,18-06-95,7857557836,Female,jasmeet_hemmings@gmail.com,,,Bengaluru,Karanataka,India,511399,27-11-21 23:44,27-11-21 23:44
CUS0000077,Karan,Henderson,11-04-89,7389018808,Male,karan_henderson@gmail.com,,,Delhi,Delhi,India,291590,27-11-21 23:44,27-11-21 23:44
CUS0000078,Anuj,Hill,12-06-84,7108890918,Female,anuj_hill@gmail.com,,,Kolkatta,West Bengal,India,555061,27-11-21 23:53,27-11-21 23:53
CUS0000079,Mary,Hodges,27-07-86,9474293863,Male,mary_hodges@gmail.com,,,Delhi,Delhi,India,628366,27-11-21 23:44,27-11-21 23:44
CUS0000080,Megan,Howard,21-06-93,9540141345,Female,megan_howard@gmail.com,,,Delhi,Delhi,India,239729,27-11-21 23:44,27-11-21 23:44
CUS0000081,Melanie,Hudson,24-11-75,8106135976,Male,melanie_hudson@gmail.com,,,Delhi,Delhi,India,529242,27-11-21 23:44,27-11-21 23:44
CUS0000082,Michelle,Hughes,05-05-91,8825299301,Female,michelle_hughes@gmail.com,,,Bengaluru,Karanataka,India,361394,27-11-21 23:44,27-11-21 23:44
CUS0000083,Sandya,Hunter,02-07-99,9654070176,Male,sandya_hunter@gmail.com,,,Kolkatta,West Bengal,India,489362,27-11-21 23:53,27-11-21 23:53
CUS0000084,George,Ince,12-09-73,7881073515,Female,george_ince@gmail.com,,,Noida,Delhi,India,564084,27-11-21 23:44,27-11-21 23:44
CUS0000085,Vaishnavi,Jackson,13-12-78,9611801678,Male,vaishnavi_jackson@gmail.com,,,Bengaluru,Karanataka,India,527306,27-11-21 23:44,27-11-21 23:44
CUS0000086,Rupert,James,24-07-77,8811901819,Female,rupert_james@gmail.com,,,Bengaluru,Karanataka,India,358680,27-11-21 23:44,27-11-21 23:44
CUS0000087,Vishal,Johnston,16-11-91,7501310349,Male,vishal_johnston@gmail.com,,,Ahmedabad,Gujarat,India,296063,27-11-21 23:44,27-11-21 23:44
CUS0000088,Emma,Jones,27-09-83,8183995784,Female,emma_jones@gmail.com,,,Chennai,Tamil Nadu,India,578611,27-11-21 23:44,27-11-21 23:44
CUS0000089,Shreya,Kelly,24-07-70,7975716631,Male,shreya_kelly@gmail.com,,,Kolkatta,West Bengal,India,158527,27-11-21 23:53,27-11-21 23:53
CUS0000090,Raghavan,Kerr,01-12-90,8040976134,Female,raghavan_kerr@gmail.com,,,Noida,Delhi,India,252028,27-11-21 23:44,27-11-21 23:44
CUS0000091,Kavya,King,13-02-84,8906160434,Male,kavya_king@gmail.com,,,Kolkatta,West Bengal,India,368665,27-11-21 23:53,27-11-21 23:53
CUS0000092,Varun,Knox,19-03-92,9167527102,Female,varun_knox@gmail.com,,,Noida,Delhi,India,615597,27-11-21 23:44,27-11-21 23:44
CUS0000093,Ruth,Lambert,10-02-97,9145352715,Male,ruth_lambert@gmail.com,,,Hyderabad,Telengana,India,410651,27-11-21 23:44,27-11-21 23:44
CUS0000094,Sally,Langdon,14-09-88,9840870896,Female,sally_langdon@gmail.com,,,Chennai,Tamil Nadu,India,285268,27-11-21 23:44,27-11-21 23:44
CUS0000095,Samantha,Lawrence,12-01-00,9538763098,Male,samantha_lawrence@gmail.com,,,Delhi,Delhi,India,527720,27-11-21 23:44,27-11-21 23:44
CUS0000096,Sarah,Lee,25-07-93,8165000497,Female,sarah_lee@gmail.com,,,Kolkatta,West Bengal,India,515425,27-11-21 23:53,27-11-21 23:53
CUS0000097,Ramanan,Lewis,19-07-76,8081633602,Male,ramanan_lewis@gmail.com,,,Ahmedabad,Gujarat,India,456669,27-11-21 23:44,27-11-21 23:44
CUS0000098,Kareena,Lyman,08-02-98,9143224995,Female,kareena_lyman@gmail.com,,,Hyderabad,Telengana,India,322796,27-11-21 23:44,27-11-21 23:44
CUS0000099,Deepika,MacDonald,01-01-99,7585710864,Male,deepika_macdonald@gmail.com,,,Bengaluru,Karanataka,India,482588,27-11-21 23:44,27-11-21 23:44
CUS0000100,Hanah,Mackay,15-07-91,8011771723,Female,hanah_mackay@gmail.com,,,Hyderabad,Telengana,India,548789,27-11-21 23:44,27-11-21 23:44
CUS0000101,Shriya,Mackenzie,14-11-87,8863355869,Male,shriya_mackenzie@gmail.com,,,Noida,Delhi,India,627101,27-11-21 23:44,27-11-21 23:44
CUS0000102,Katrina,MacLeod,12-11-77,9255192745,Female,katrina_macleod@gmail.com,,,Noida,Delhi,India,187058,27-11-21 23:44,27-11-21 23:44
CUS0000103,Preethi,Manning,03-06-85,8113119553,Male,preethi_manning@gmail.com,,,Kolkatta,West Bengal,India,130375,27-11-21 23:53,27-11-21 23:53
CUS0000104,Alia,Marshall,09-06-76,8515392484,Female,alia_marshall@gmail.com,,,Chennai,Tamil Nadu,India,245271,27-11-21 23:44,27-11-21 23:44
CUS0000105,Vicky,Martin,08-05-80,8141120285,Male,vicky_martin@gmail.com,,,Noida,Delhi,India,186054,27-11-21 23:44,27-11-21 23:44
CUS0000106,Rani,Mathis,16-05-75,8841101520,Female,rani_mathis@gmail.com,,,Ahmedabad,Gujarat,India,661851,27-11-21 23:44,27-11-21 23:44
CUS0000107,Ranveer,May,21-05-84,9419510443,Male,ranveer_may@gmail.com,,,Chennai,Tamil Nadu,India,463719,27-11-21 23:44,27-11-21 23:44
CUS0000108,Prince,McDonald,05-05-98,8786620902,Female,prince_mcdonald@gmail.com,,,Kolkatta,West Bengal,India,188657,27-11-21 23:53,27-11-21 23:53
CUS0000109,Ranbeer,McLean,27-11-99,8281346443,Male,ranbeer_mclean@gmail.com,,,Delhi,Delhi,India,505240,27-11-21 23:44,27-11-21 23:44
CUS0000110,Prakshaal,McGrath,06-05-79,8355639473,Female,prakshaal_mcgrath@gmail.com,,,Bengaluru,Karanataka,India,606629,27-11-21 23:44,27-11-21 23:44
CUS0000111,Nicola,Metcalfe,17-07-70,9545539568,Male,nicola_metcalfe@gmail.com,,,Ahmedabad,Gujarat,India,214395,27-11-21 23:44,27-11-21 23:44
CUS0000112,Olivia,Miller,13-05-90,8581167093,Female,olivia_miller@gmail.com,,,Hyderabad,Telengana,India,610389,27-11-21 23:44,27-11-21 23:44
CUS0000113,Penelope,Mills,13-02-70,7103566283,Male,penelope_mills@gmail.com,,,Bengaluru,Karanataka,India,211101,27-11-21 23:44,27-11-21 23:44
CUS0000114,Pippa,Mitchell,14-04-70,8437136717,Female,pippa_mitchell@gmail.com,,,Bengaluru,Karanataka,India,473792,27-11-21 23:44,27-11-21 23:44
CUS0000115,Vinitha,Morgan,09-02-99,9543689916,Male,vinitha_morgan@gmail.com,,,Chennai,Tamil Nadu,India,248146,27-11-21 23:44,27-11-21 23:44
CUS0000116,Dharun,Morrison,26-03-82,7309278983,Female,dharun_morrison@gmail.com,,,Ahmedabad,Gujarat,India,491148,27-11-21 23:44,27-11-21 23:44
CUS0000117,Niharika,Murray,18-11-93,8176253102,Male,niharika_murray@gmail.com,,,Delhi,Delhi,India,232993,27-11-21 23:44,27-11-21 23:44
CUS0000118,Eric,Nash,12-06-80,7652061872,Female,eric_nash@gmail.com,,,Hyderabad,Telengana,India,402279,27-11-21 23:44,27-11-21 23:44
CUS0000119,Evan,Newman,20-05-71,7226796572,Male,evan_newman@gmail.com,,,Chennai,Tamil Nadu,India,543648,27-11-21 23:44,27-11-21 23:44
CUS0000120,Frank,Nolan,13-11-80,8746378352,Female,frank_nolan@gmail.com,,,Delhi,Delhi,India,684522,27-11-21 23:44,27-11-21 23:44
CUS0000121,Gavin,North,20-07-74,8919979004,Male,gavin_north@gmail.com,,,Kolkatta,West Bengal,India,266603,27-11-21 23:53,27-11-21 23:53
CUS0000122,Gordon,Ogden,04-05-98,9058373249,Female,gordon_ogden@gmail.com,,,Kolkatta,West Bengal,India,363757,27-11-21 23:53,27-11-21 23:53
CUS0000123,Harry,Oliver,13-05-75,9719341481,Male,harry_oliver@gmail.com,,,Hyderabad,Telengana,India,574097,27-11-21 23:44,27-11-21 23:44
CUS0000124,Ian,Paige,19-06-88,7738016471,Female,ian_paige@gmail.com,,,Kolkatta,West Bengal,India,581405,27-11-21 23:53,27-11-21 23:53
CUS0000125,Isaac,Parr,27-03-99,8278519761,Male,isaac_parr@gmail.com,,,Chennai,Tamil Nadu,India,228536,27-11-21 23:44,27-11-21 23:44
CUS0000126,Jack,Parsons,28-04-94,9438814429,Female,jack_parsons@gmail.com,,,Hyderabad,Telengana,India,443487,27-11-21 23:44,27-11-21 23:44
CUS0000127,Jacob,Paterson,10-05-83,8142529880,Male,jacob_paterson@gmail.com,,,Bengaluru,Karanataka,India,157096,27-11-21 23:44,27-11-21 23:44
CUS0000128,Jake,Payne,08-08-78,9232546903,Female,jake_payne@gmail.com,,,Chennai,Tamil Nadu,India,108978,27-11-21 23:44,27-11-21 23:44
CUS0000129,James,Peake,28-06-76,7252008888,Male,james_peake@gmail.com,,,Bengaluru,Karanataka,India,465335,27-11-21 23:44,27-11-21 23:44
CUS0000130,Jason,Peters,15-06-88,7889317436,Female,jason_peters@gmail.com,,,Chennai,Tamil Nadu,India,304537,27-11-21 23:44,27-11-21 23:44
CUS0000131,Joe,Piper,21-03-99,7865246944,Male,joe_piper@gmail.com,,,Kolkatta,West Bengal,India,452128,27-11-21 23:53,27-11-21 23:53
CUS0000132,John,Poole,16-10-86,8106265016,Female,john_poole@gmail.com,,,Kolkatta,West Bengal,India,491565,27-11-21 23:53,27-11-21 23:53
CUS0000133,Jonathan,Powell,07-05-82,9470250275,Male,jonathan_powell@gmail.com,,,Bengaluru,Karanataka,India,444398,27-11-21 23:44,27-11-21 23:44
CUS0000134,Joseph,Pullman,11-04-71,9953209736,Female,joseph_pullman@gmail.com,,,Bengaluru,Karanataka,India,418754,27-11-21 23:44,27-11-21 23:44
CUS0000135,Joshua,Quinn,09-05-72,7242383980,Male,joshua_quinn@gmail.com,,,Bengaluru,Karanataka,India,363679,27-11-21 23:44,27-11-21 23:44
CUS0000136,Julian,Rampling,28-10-72,9518555517,Female,julian_rampling@gmail.com,,,Ahmedabad,Gujarat,India,406841,27-11-21 23:44,27-11-21 23:44
CUS0000137,Justin,Wali,22-10-76,9040673575,Male,justin_wali@gmail.com,,,Chennai,Tamil Nadu,India,545874,27-11-21 23:44,27-11-21 23:44
CUS0000138,Keith,Balay,25-03-83,9463518343,Female,keith_balay@gmail.com,,,Delhi,Delhi,India,152085,27-11-21 23:44,27-11-21 23:44
CUS0000139,Kevin,Bali,05-08-74,8948413514,Male,kevin_bali@gmail.com,,,Ahmedabad,Gujarat,India,513244,27-11-21 23:44,27-11-21 23:44
CUS0000140,Leonard,Bandi,26-06-86,7711813689,Female,leonard_bandi@gmail.com,,,Delhi,Delhi,India,322457,27-11-21 23:44,27-11-21 23:44
CUS0000141,Liam,Banerjee,28-08-90,7942842272,Male,liam_banerjee@gmail.com,,,Bengaluru,Karanataka,India,233687,27-11-21 23:44,27-11-21 23:44
CUS0000142,Lucas,Banik,16-11-76,8050256930,Female,lucas_banik@gmail.com,,,Chennai,Tamil Nadu,India,537319,27-11-21 23:44,27-11-21 23:44
CUS0000143,Luke,Bansal,13-07-94,8045945442,Male,luke_bansal@gmail.com,,,Noida,Delhi,India,356303,27-11-21 23:44,27-11-21 23:44
CUS0000144,Matt,Barad,09-10-85,7093676869,Female,matt_barad@gmail.com,,,Bengaluru,Karanataka,India,491872,27-11-21 23:44,27-11-21 23:44
CUS0000145,Max,Barad,27-02-88,9931236437,Male,max_barad@gmail.com,,,Kolkatta,West Bengal,India,646195,27-11-21 23:53,27-11-21 23:53
CUS0000146,Michael,Baral,10-06-86,8291875009,Female,michael_baral@gmail.com,,,Kolkatta,West Bengal,India,196206,27-11-21 23:53,27-11-21 23:53
CUS0000147,Nathan,Baria,03-08-94,8698885607,Male,nathan_baria@gmail.com,,,Ahmedabad,Gujarat,India,653312,27-11-21 23:44,27-11-21 23:44
CUS0000148,Neil,Barman,26-06-72,7308991131,Female,neil_barman@gmail.com,,,Delhi,Delhi,India,320406,27-11-21 23:44,27-11-21 23:44
CUS0000149,Nicholas,Basak,02-08-76,8798591669,Male,nicholas_basak@gmail.com,,,Ahmedabad,Gujarat,India,433580,27-11-21 23:44,27-11-21 23:44
CUS0000150,Oliver,Bassi,24-08-70,8466132866,Female,oliver_bassi@gmail.com,,,Kolkatta,West Bengal,India,405887,27-11-21 23:53,27-11-21 23:53
CUS0000151,Owen,Basu,08-05-97,9676662750,Male,owen_basu@gmail.com,,,Hyderabad,Telengana,India,466066,27-11-21 23:44,27-11-21 23:44
CUS0000152,Paul,Bath,16-02-94,8207243234,Female,paul_bath@gmail.com,,,Kolkatta,West Bengal,India,311534,27-11-21 23:53,27-11-21 23:53
CUS0000153,Peter,Batra,09-04-00,9163499634,Male,peter_batra@gmail.com,,,Hyderabad,Telengana,India,574763,27-11-21 23:44,27-11-21 23:44
CUS0000154,Phil,Batta,04-09-72,9896435554,Female,phil_batta@gmail.com,,,Bengaluru,Karanataka,India,543848,27-11-21 23:44,27-11-21 23:44
CUS0000155,Piers,Bava,05-07-88,8289498435,Male,piers_bava@gmail.com,,,Chennai,Tamil Nadu,India,264729,27-11-21 23:44,27-11-21 23:44
CUS0000156,Richard,Bawa,21-11-94,8863129861,Female,richard_bawa@gmail.com,,,Bengaluru,Karanataka,India,400032,27-11-21 23:44,27-11-21 23:44
CUS0000157,Robert,Bedi,14-10-85,8879931177,Male,robert_bedi@gmail.com,,,Delhi,Delhi,India,656798,27-11-21 23:44,27-11-21 23:44
CUS0000158,Ryan,Behl,04-08-95,8949993646,Female,ryan_behl@gmail.com,,,Noida,Delhi,India,279985,27-11-21 23:44,27-11-21 23:44
CUS0000159,Sam,Ben,27-01-72,8402201717,Male,sam_ben@gmail.com,,,Ahmedabad,Gujarat,India,620494,27-11-21 23:44,27-11-21 23:44
CUS0000160,Sreenath,Bera,12-05-79,7793142952,Female,sreenath_bera@gmail.com,,,Ahmedabad,Gujarat,India,201650,27-11-21 23:44,27-11-21 23:44
CUS0000161,Arka,Bhagat,06-12-83,7612246373,Male,arka_bhagat@gmail.com,,,Kolkatta,West Bengal,India,262549,27-11-21 23:53,27-11-21 23:53
CUS0000162,Jeremy,Bhakta,14-12-82,8043241283,Female,jeremy_bhakta@gmail.com,,,Chennai,Tamil Nadu,India,630498,27-11-21 23:44,27-11-21 23:44
CUS0000163,Shruthy,Bhalla,02-09-00,9723133222,Male,shruthy_bhalla@gmail.com,,,Ahmedabad,Gujarat,India,199383,27-11-21 23:44,27-11-21 23:44
CUS0000164,Sahana,Bhandari,21-01-93,9397872273,Female,sahana_bhandari@gmail.com,,,Noida,Delhi,India,374502,27-11-21 23:44,27-11-21 23:44
CUS0000165,Swetha,Bhardwaj,19-08-90,9975294329,Male,swetha_bhardwaj@gmail.com,,,Kolkatta,West Bengal,India,564013,27-11-21 23:53,27-11-21 23:53
CUS0000166,Allu,Bhargava,21-07-83,7272794918,Female,allu_bhargava@gmail.com,,,Chennai,Tamil Nadu,India,177766,27-11-21 23:44,27-11-21 23:44
CUS0000167,Naga,Bhasin,26-01-97,7766657718,Male,naga_bhasin@gmail.com,,,Ahmedabad,Gujarat,India,207028,27-11-21 23:44,27-11-21 23:44
CUS0000168,Aaliyah,Bhat,04-09-72,9153279360,Female,aaliyah_bhat@gmail.com,,,Bengaluru,Karanataka,India,478598,27-11-21 23:44,27-11-21 23:44
CUS0000169,Samantha,Bhatia,19-06-73,7946661337,Male,samantha_bhatia@gmail.com,,,Bengaluru,Karanataka,India,518644,27-11-21 23:44,27-11-21 23:44
CUS0000170,Ahaana,Bhatnagar,03-11-96,7453088697,Female,ahaana_bhatnagar@gmail.com,,,Noida,Delhi,India,245023,27-11-21 23:44,27-11-21 23:44
CUS0000171,Arjun,Bhatt,12-06-83,8453687091,Male,arjun_bhatt@gmail.com,,,Bengaluru,Karanataka,India,510030,27-11-21 23:44,27-11-21 23:44
CUS0000172,Riza,Bhattacharyya,13-01-93,9509329122,Female,riza_bhattacharyya@gmail.com,,,Noida,Delhi,India,505981,27-11-21 23:44,27-11-21 23:44
CUS0000173,Siddharth,Bhatti,12-05-77,7475708012,Male,siddharth_bhatti@gmail.com,,,Bengaluru,Karanataka,India,291706,27-11-21 23:44,27-11-21 23:44
CUS0000174,Jenifer,Bhavsar,25-08-92,8651467375,Female,jenifer_bhavsar@gmail.com,,,Delhi,Delhi,India,150444,27-11-21 23:44,27-11-21 23:44
CUS0000175,Shyam,Bir,25-08-76,7818049483,Male,shyam_bir@gmail.com,,,Ahmedabad,Gujarat,India,525936,27-11-21 23:44,27-11-21 23:44
CUS0000176,Monica,Biswas,08-10-98,7964025791,Female,monica_biswas@gmail.com,,,Hyderabad,Telengana,India,570073,27-11-21 23:44,27-11-21 23:44
CUS0000177,Tanmay,Boase,12-03-71,7669649064,Male,tanmay_boase@gmail.com,,,Noida,Delhi,India,138078,27-11-21 23:44,27-11-21 23:44
CUS0000178,Vikram,Bobal,27-12-73,8101173420,Female,vikram_bobal@gmail.com,,,Chennai,Tamil Nadu,India,521391,27-11-21 23:44,27-11-21 23:44
CUS0000179,Sanjana,Bora,26-01-84,9055337842,Male,sanjana_bora@gmail.com,,,Bengaluru,Karanataka,India,240818,27-11-21 23:44,27-11-21 23:44
CUS0000180,Nandhitha,Bora,23-03-71,8013540804,Female,nandhitha_bora@gmail.com,,,Delhi,Delhi,India,209525,27-11-21 23:44,27-11-21 23:44
CUS0000181,Vyshali,Borah,06-12-88,7098406135,Male,vyshali_borah@gmail.com,,,Delhi,Delhi,India,684226,27-11-21 23:44,27-11-21 23:44
CUS0000182,Riya,Borde,14-02-99,7889222160,Female,riya_borde@gmail.com,,,Chennai,Tamil Nadu,India,136904,27-11-21 23:44,27-11-21 23:44
CUS0000183,Nithish,Borra,25-11-86,7832687781,Male,nithish_borra@gmail.com,,,Delhi,Delhi,India,165513,27-11-21 23:44,27-11-21 23:44
CUS0000184,Hema,Bose,24-09-81,7400589074,Female,hema_bose@gmail.com,,,Kolkatta,West Bengal,India,622431,27-11-21 23:53,27-11-21 23:53
CUS0000185,Chandler,Brahmbhatt,04-07-78,8647815768,Male,chandler_brahmbhatt@gmail.com,,,Kolkatta,West Bengal,India,382472,27-11-21 23:53,27-11-21 23:53
CUS0000186,Joey,Brar,16-08-71,7727643727,Female,joey_brar@gmail.com,,,Delhi,Delhi,India,112643,27-11-21 23:44,27-11-21 23:44
CUS0000187,Rishi,Buch,14-05-71,9590224630,Male,rishi_buch@gmail.com,,,Delhi,Delhi,India,522130,27-11-21 23:44,27-11-21 23:44
CUS0000188,Phoebe,Buch,20-05-95,7474835290,Female,phoebe_buch@gmail.com,,,Delhi,Delhi,India,674380,27-11-21 23:44,27-11-21 23:44
CUS0000189,Gopi,Bumb,08-06-82,8200408729,Male,gopi_bumb@gmail.com,,,Noida,Delhi,India,586182,27-11-21 23:44,27-11-21 23:44
CUS0000190,Eashwar,Butala,03-06-96,7162670287,Female,eashwar_butala@gmail.com,,,Hyderabad,Telengana,India,676882,27-11-21 23:44,27-11-21 23:44
CUS0000191,Neha,Chacko,28-04-72,7613897189,Male,neha_chacko@gmail.com,,,Kolkatta,West Bengal,India,415042,27-11-21 23:53,27-11-21 23:53
CUS0000192,Darshini,Chad,06-08-76,9746062583,Female,darshini_chad@gmail.com,,,Bengaluru,Karanataka,India,373667,27-11-21 23:44,27-11-21 23:44
CUS0000193,Deepan,Chada,12-03-74,9165267416,Male,deepan_chada@gmail.com,,,Kolkatta,West Bengal,India,161452,27-11-21 23:53,27-11-21 23:53
CUS0000194,Bindu,Chadha,18-08-94,7459743545,Female,bindu_chadha@gmail.com,,,Delhi,Delhi,India,318050,27-11-21 23:44,27-11-21 23:44
CUS0000195,Ulfath,Chahal,28-01-94,7514994050,Male,ulfath_chahal@gmail.com,,,Bengaluru,Karanataka,India,398970,27-11-21 23:44,27-11-21 23:44
CUS0000196,Fathima,Chakrabarti,05-02-76,7640680250,Female,fathima_chakrabarti@gmail.com,,,Noida,Delhi,India,595526,27-11-21 23:44,27-11-21 23:44
CUS0000197,Shrikanth,Sura,05-06-77,8399332168,Male,shrikanth_sura@gmail.com,,,Kolkatta,West Bengal,India,288347,27-11-21 23:53,27-11-21 23:53
CUS0000198,Aashika,Suresh,18-09-79,7327884830,Female,aashika_suresh@gmail.com,,,Ahmedabad,Gujarat,India,672622,27-11-21 23:44,27-11-21 23:44
CUS0000199,Renu,Suri,20-04-83,8461864142,Male,renu_suri@gmail.com,,,Kolkatta,West Bengal,India,645188,27-11-21 23:53,27-11-21 23:53
CUS0000200,Yeshwanth,Swaminathan,03-08-81,8461864242,Female,yeshwanth_swaminathan@gmail.com,,,Hyderabad,Telangana,India,572441,27-11-21 23:55,27-11-21 23:55
