,BranchID,EmployeeID,FirstName,LastName,MobileNumber,EmailID,UserName,DOB,Aadhaar,JoiningDate,LastWorkingDate,skill_code,createdatetime,updatedatetime
0,BCH0000001,EMP0000001,Sharad,Nirmala,8755454383,Sharad.nirmala@thedmart.com,ShaNir,1979-04-05,861938422633,2020-10-01,,SKC0000001,2021-11-27 18:13:27,2021-11-27 18:13:27
1,BCH0000001,EMP0000002,Abhilash,Deeptendu,8872730764,Abhilash.deeptendu@thedmart.com,AbhDee,1997-08-08,913139240905,2017-12-14,,SKC0000007,2021-11-27 18:13:27,2021-11-27 18:13:27
2,BCH0000001,EMP0000003,Mithilesh,Srini,8912778568,Mithilesh.srini@thedmart.com,MitSri,1975-05-10,866183186434,2015-02-04,,SKC0000009,2021-11-27 18:13:27,2021-11-27 18:13:27
3,BCH0000001,EMP0000004,Deep,Saryu,9164771779,Deep.saryu@thedmart.com,DeeSar,1993-03-05,851302151398,2020-06-14,,SKC0000002,2021-11-27 18:13:27,2021-11-27 18:13:27
4,BCH0000001,EMP0000005,Nimai,Veena,8037518590,Nimai.veena@thedmart.com,NimVee,1984-01-28,945745534665,2015-06-20,,SKC0000010,2021-11-27 18:13:27,2021-11-27 18:13:27
5,BCH0000001,EMP0000006,Shreshta,Ramamani,9102616331,Shreshta.ramamani@thedmart.com,ShrRam,1982-04-01,867578550292,2017-07-12,,SKC0000008,2021-11-27 18:13:27,2021-11-27 18:13:27
6,BCH0000001,EMP0000007,Aryan,Sawardekar,9511105251,Aryan.sawardekar@thedmart.com,ArySaw,1979-09-12,826409368459,2019-05-14,,SKC0000010,2021-11-27 18:13:27,2021-11-27 18:13:27
7,BCH0000001,EMP0000008,Jagadbandu,Arghya,8295611268,Jagadbandu.arghya@thedmart.com,JagArg,1978-12-15,917257126925,2016-03-18,,SKC0000008,2021-11-27 18:13:27,2021-11-27 18:13:27
8,BCH0000001,EMP0000009,Suryakant,Pankaj,9011908714,Suryakant.pankaj@thedmart.com,SurPan,1995-03-23,867849703176,2015-03-14,,SKC0000010,2021-11-27 18:13:27,2021-11-27 18:13:27
9,BCH0000001,EMP0000010,Dhruv,Swaminathan,8375647210,Dhruv.swaminathan@thedmart.com,DhrSwa,1990-04-22,833211178581,2018-04-02,,SKC0000008,2021-11-27 18:13:27,2021-11-27 18:13:27
10,BCH0000002,EMP0000011,Rasaraj,Gangulee,8991799935,Rasaraj.gangulee@thedmart.com,RasGan,1988-12-09,979961331456,2016-09-08,2017-10-05,SKC0000004,2021-11-27 18:13:27,2021-11-27 18:13:27
11,BCH0000002,EMP0000012,Lochan,Saibal,9693002599,Lochan.saibal@thedmart.com,LocSai,1971-08-02,794871669335,2018-03-09,,SKC0000001,2021-11-27 18:13:27,2021-11-27 18:13:27
12,BCH0000002,EMP0000013,Prashanta,Sira,9568371429,Prashanta.sira@thedmart.com,PraSir,1975-09-26,894651446682,2016-04-19,,SKC0000010,2021-11-27 18:13:27,2021-11-27 18:13:27
13,BCH0000002,EMP0000014,Pralay,Tendulkar,8058727951,Pralay.tendulkar@thedmart.com,PraTen,1987-02-06,950164505666,2017-04-16,,SKC0000007,2021-11-27 18:13:27,2021-11-27 18:13:27
14,BCH0000002,EMP0000015,Balakrishna,Hindocha,8082815059,Balakrishna.hindocha@thedmart.com,BalHin,1999-11-26,848911278597,2018-06-14,,SKC0000009,2021-11-27 18:13:27,2021-11-27 18:13:27
15,BCH0000002,EMP0000016,Nikhil,Amish,8236041011,Nikhil.amish@thedmart.com,NikAmi,1970-05-13,899068312662,2018-05-06,,SKC0000010,2021-11-27 18:13:27,2021-11-27 18:13:27
16,BCH0000002,EMP0000017,Purujit,Kedar,8145293564,Purujit.kedar@thedmart.com,PurKed,1978-08-21,921801563061,2017-02-04,,SKC0000002,2021-11-27 18:13:27,2021-11-27 18:13:27
17,BCH0000002,EMP0000018,Bhagirath,Neil,8826503766,Bhagirath.neil@thedmart.com,BhaNei,1975-01-01,793823702287,2021-07-05,,SKC0000002,2021-11-27 18:13:27,2021-11-27 18:13:27
18,BCH0000002,EMP0000019,Randhir,Suranjan,9398866689,Randhir.suranjan@thedmart.com,RanSur,1972-10-02,870205351783,2015-07-20,2016-10-21,SKC0000006,2021-11-27 18:13:27,2021-11-27 18:13:27
19,BCH0000002,EMP0000020,Madhav,Satyavati,8863128504,Madhav.satyavati@thedmart.com,MadSat,1972-11-01,833112592480,2018-10-14,,SKC0000008,2021-11-27 18:13:27,2021-11-27 18:13:27
20,BCH0000003,EMP0000021,Himaghna,Riju,8489128622,Himaghna.riju@thedmart.com,HimRij,1975-01-25,945720543462,2016-09-16,,SKC0000010,2021-11-27 18:13:27,2021-11-27 18:13:27
21,BCH0000003,EMP0000022,Bandhu,Soogoor,8257563707,Bandhu.soogoor@thedmart.com,BanSoo,1996-01-11,878185207860,2015-09-20,,SKC0000010,2021-11-27 18:13:27,2021-11-27 18:13:27
22,BCH0000003,EMP0000023,Bikram,Mondem,9196713682,Bikram.mondem@thedmart.com,BikMon,1997-05-09,944305463948,2020-10-12,,SKC0000001,2021-11-27 18:13:27,2021-11-27 18:13:27
23,BCH0000003,EMP0000024,Haresh,Maji,8574949620,Haresh.maji@thedmart.com,HarMaj,1992-10-09,938311154957,2020-10-01,,SKC0000007,2021-11-27 18:13:27,2021-11-27 18:13:27
24,BCH0000003,EMP0000025,Dinar,Jinturkar,9030207078,Dinar.jinturkar@thedmart.com,DinJin,1996-09-12,933848292279,2019-10-11,,SKC0000009,2021-11-27 18:13:27,2021-11-27 18:13:27
25,BCH0000003,EMP0000026,Chetan,Gopinath,8663722878,Chetan.gopinath@thedmart.com,CheGop,1973-01-01,896362202499,2018-05-20,,SKC0000002,2021-11-27 18:13:27,2021-11-27 18:13:27
26,BCH0000003,EMP0000027,Hemant,Sai,8124770329,Hemant.sai@thedmart.com,HemSai,1986-09-22,871482393127,2019-09-02,,SKC0000010,2021-11-27 18:13:27,2021-11-27 18:13:27
27,BCH0000003,EMP0000028,Premendra,Laxmanan,8119036558,Premendra.laxmanan@thedmart.com,PreLax,1969-05-04,950453412394,2017-07-04,,SKC0000010,2021-11-27 18:13:27,2021-11-27 18:13:27
28,BCH0000003,EMP0000029,Adway,Sabeer,8199613619,Adway.sabeer@thedmart.com,AdwSab,1976-10-11,919105213409,2016-04-03,,SKC0000010,2021-11-27 18:13:27,2021-11-27 18:13:27
29,BCH0000003,EMP0000030,Sharang,Darsha,9745925976,Sharang.darsha@thedmart.com,ShaDar,1975-02-23,886419236702,2016-11-06,,SKC0000010,2021-11-27 18:13:27,2021-11-27 18:13:27
30,BCH0000004,EMP0000031,Nityananda,Kadak,8621631781,Nityananda.kadak@thedmart.com,NitKad,1975-09-10,833155708859,2021-02-07,,SKC0000010,2021-11-27 18:13:27,2021-11-27 18:13:27
31,BCH0000004,EMP0000032,Tajdar,Gopivallabha,8280005248,Tajdar.gopivallabha@thedmart.com,TajGop,1994-04-11,806628390694,2020-12-03,2021-05-15,SKC0000006,2021-11-27 18:13:27,2021-11-27 18:13:27
32,BCH0000004,EMP0000033,Arya,Navya,8748270789,Arya.navya@thedmart.com,AryNav,1978-07-08,864830684632,2018-02-09,,SKC0000010,2021-11-27 18:13:27,2021-11-27 18:13:27
33,BCH0000004,EMP0000034,Jaganmay,Velusamy,8260836645,Jaganmay.velusamy@thedmart.com,JagVel,1996-02-19,873929485997,2018-07-12,,SKC0000008,2021-11-27 18:13:27,2021-11-27 18:13:27
34,BCH0000004,EMP0000035,Radhakrishna,Srivaths,9728988085,Radhakrishna.srivaths@thedmart.com,RadSri,1989-04-17,970215554342,2019-07-08,,SKC0000010,2021-11-27 18:13:27,2021-11-27 18:13:27
35,BCH0000004,EMP0000036,Kundanlal,Kansal,9239407334,Kundanlal.kansal@thedmart.com,KunKan,1982-01-20,978778362386,2017-09-02,,SKC0000010,2021-11-27 18:13:27,2021-11-27 18:13:27
36,BCH0000004,EMP0000037,Chandan,Vyasa,8754701318,Chandan.vyasa@thedmart.com,ChaVya,1987-04-16,860782468119,2015-06-20,,SKC0000010,2021-11-27 18:13:27,2021-11-27 18:13:27
37,BCH0000004,EMP0000038,Dilawar,Satyavrat,9495084702,Dilawar.satyavrat@thedmart.com,DilSat,1980-04-09,892591435674,2017-06-15,,SKC0000010,2021-11-27 18:13:27,2021-11-27 18:13:27
38,BCH0000004,EMP0000039,Suparna,Prashanth,8206537677,Suparna.prashanth@thedmart.com,SupPra,1999-12-20,806944685665,2018-11-04,,SKC0000001,2021-11-27 18:13:27,2021-11-27 18:13:27
39,BCH0000004,EMP0000040,Tuhin,Nira,9432480993,Tuhin.nira@thedmart.com,TuhNir,1994-07-21,825419432035,2016-09-16,,SKC0000007,2021-11-27 18:13:27,2021-11-27 18:13:27
40,BCH0000004,EMP0000041,Anadi,Sudha,9696943915,Anadi.sudha@thedmart.com,AnaSud,1998-01-26,861115643266,2017-11-10,,SKC0000009,2021-11-27 18:13:27,2021-11-27 18:13:27
41,BCH0000005,EMP0000042,Indraneel,Shindi,8324541298,Indraneel.shindi@thedmart.com,IndShi,1996-08-14,825408454323,2015-04-01,,SKC0000010,2021-11-27 18:13:27,2021-11-27 18:13:27
42,BCH0000005,EMP0000043,Chakrapani,Sreenivasa,8258291447,Chakrapani.sreenivasa@thedmart.com,ChaSre,1972-09-05,854163340697,2019-01-12,,SKC0000010,2021-11-27 18:13:27,2021-11-27 18:13:27
43,BCH0000005,EMP0000044,Udit,Samrat,9027251741,Udit.samrat@thedmart.com,UdiSam,1976-10-20,904448165017,2020-04-08,,SKC0000010,2021-11-27 18:13:27,2021-11-27 18:13:27
44,BCH0000005,EMP0000045,Srijan,Podury,9555295112,Srijan.podury@thedmart.com,SriPod,1979-09-19,815855213782,2015-02-17,,SKC0000008,2021-11-27 18:13:27,2021-11-27 18:13:27
45,BCH0000005,EMP0000046,Sudhir,Meghana,8602445150,Sudhir.meghana@thedmart.com,SudMeg,1986-10-22,885542576072,2015-05-07,,SKC0000010,2021-11-27 18:13:27,2021-11-27 18:13:27
46,BCH0000005,EMP0000047,Vishwamitra,Surekha,8766926531,Vishwamitra.surekha@thedmart.com,VisSur,1982-12-16,861393216924,2019-03-01,,SKC0000007,2021-11-27 18:13:27,2021-11-27 18:13:27
47,BCH0000005,EMP0000048,Deepit,Banerjee,8556548474,Deepit.banerjee@thedmart.com,DeeBan,1980-07-07,971473555663,2017-06-03,,SKC0000009,2021-11-27 18:13:27,2021-11-27 18:13:27
48,BCH0000005,EMP0000049,Rohanlal,Gundlapalli,8700129506,Rohanlal.gundlapalli@thedmart.com,RohGun,1969-01-15,845613303887,2016-06-08,,SKC0000002,2021-11-27 18:13:27,2021-11-27 18:13:27
49,BCH0000005,EMP0000050,Aijaz,Sajal,8857080775,Aijaz.sajal@thedmart.com,AijSaj,1992-01-08,986899604651,2020-07-20,,SKC0000010,2021-11-27 18:13:27,2021-11-27 18:13:27
50,BCH0000005,EMP0000051,Baidehi,Tanu,8343768545,Baidehi.tanu@thedmart.com,BaiTan,1996-05-08,879523697538,2016-09-10,,SKC0000001,2021-11-27 18:13:27,2021-11-27 18:13:27
51,BCH0000006,EMP0000052,Jyotibala,Shivani,8453605928,Jyotibala.shivani@thedmart.com,JyoShi,1999-09-13,959754639118,2021-06-07,,SKC0000007,2021-11-27 18:13:27,2021-11-27 18:13:27
52,BCH0000006,EMP0000053,Ranjana,Jitesh,8013025830,Ranjana.jitesh@thedmart.com,RanJit,1981-02-04,809913686544,2020-03-03,,SKC0000009,2021-11-27 18:13:27,2021-11-27 18:13:27
53,BCH0000006,EMP0000054,Leelavati,Datar,9508094954,Leelavati.datar@thedmart.com,LeeDat,1974-11-13,870614225756,2016-10-17,,SKC0000010,2021-11-27 18:13:27,2021-11-27 18:13:27
54,BCH0000006,EMP0000055,Madhura,Battacharjee,9609489841,Madhura.battacharjee@thedmart.com,MadBat,1984-12-28,981339570692,2021-11-13,,SKC0000010,2021-11-27 18:13:27,2021-11-27 18:13:27
55,BCH0000006,EMP0000056,Rambha,Zahin,9835583662,Rambha.zahin@thedmart.com,RamZah,1986-08-12,926405393271,2019-08-19,,SKC0000001,2021-11-27 18:13:27,2021-11-27 18:13:27
56,BCH0000006,EMP0000057,Mythily,Prithviraj,8727779535,Mythily.prithviraj@thedmart.com,MytPri,1987-10-14,826317184390,2016-10-03,2018-12-21,SKC0000002,2021-11-27 18:13:27,2021-11-27 18:13:27
57,BCH0000006,EMP0000058,Bharani,Sarat,9831672995,Bharani.sarat@thedmart.com,BhaSar,1991-05-28,980964451058,2017-10-12,,SKC0000010,2021-11-27 18:13:27,2021-11-27 18:13:27
58,BCH0000006,EMP0000059,Subhagya,Chella,8695196852,Subhagya.chella@thedmart.com,SubChe,1990-06-08,961808684254,2021-03-14,,SKC0000010,2021-11-27 18:13:27,2021-11-27 18:13:27
59,BCH0000006,EMP0000060,Shachi,Vivekanand,9518385832,Shachi.vivekanand@thedmart.com,ShaViv,1971-06-14,805756300876,2015-12-17,,SKC0000010,2021-11-27 18:13:27,2021-11-27 18:13:27
60,BCH0000006,EMP0000061,Changuna,Singri,9134443766,Changuna.singri@thedmart.com,ChaSin,1999-06-02,922664428887,2016-07-12,,SKC0000008,2021-11-27 18:13:27,2021-11-27 18:13:27
61,BCH0000007,EMP0000062,Deeba,Narang,9811795705,Deeba.narang@thedmart.com,DeeNar,1991-12-11,832034484795,2018-02-04,,SKC0000010,2021-11-27 18:13:27,2021-11-27 18:13:27
62,BCH0000007,EMP0000063,Bansari,Shailaja,8919122284,Bansari.shailaja@thedmart.com,BanSha,1980-09-15,798453731331,2018-09-19,,SKC0000001,2021-11-27 18:13:27,2021-11-27 18:13:27
63,BCH0000007,EMP0000064,Naina,Surati,9115391541,Naina.surati@thedmart.com,NaiSur,1975-12-26,805008574466,2021-12-01,,SKC0000007,2021-11-27 18:13:27,2021-11-27 18:13:27
64,BCH0000007,EMP0000065,Madhulata,Rustagi,9597455121,Madhulata.rustagi@thedmart.com,MadRus,1999-09-24,907765416456,2019-02-01,,SKC0000009,2021-11-27 18:13:27,2021-11-27 18:13:27
65,BCH0000007,EMP0000066,Shamita,Vidyashankar,8821966632,Shamita.vidyashankar@thedmart.com,ShaVid,1986-02-21,837594217734,2020-09-11,,SKC0000002,2021-11-27 18:13:27,2021-11-27 18:13:27
66,BCH0000007,EMP0000067,Deepali,Ramamani,8967207792,Deepali.ramamani@thedmart.com,DeeRam,1990-02-19,827430189280,2017-08-20,2020-12-25,SKC0000002,2021-11-27 18:13:27,2021-11-27 18:13:27
67,BCH0000007,EMP0000068,Nadira,Sangodkar,9096097931,Nadira.sangodkar@thedmart.com,NadSan,1994-03-27,881885237166,2019-07-08,,SKC0000010,2021-11-27 18:13:27,2021-11-27 18:13:27
68,BCH0000007,EMP0000069,Baruni,Vilok,8966381616,Baruni.vilok@thedmart.com,BarVil,1981-01-11,867370510056,2020-05-20,,SKC0000010,2021-11-27 18:13:27,2021-11-27 18:13:27
69,BCH0000007,EMP0000070,Tripti,Gridharan,9378413213,Tripti.gridharan@thedmart.com,TriGri,1987-09-17,863551155944,2015-02-02,,SKC0000010,2021-11-27 18:13:27,2021-11-27 18:13:27
70,BCH0000007,EMP0000071,Smriti,Seri,8148120120,Smriti.seri@thedmart.com,SmrSer,1986-01-04,908400135730,2018-02-17,,SKC0000010,2021-11-27 18:13:27,2021-11-27 18:13:27
71,BCH0000008,EMP0000072,Mohisha,Sughavanam,8115914905,Mohisha.sughavanam@thedmart.com,MohSug,1997-08-21,804318523134,2019-09-07,,SKC0000010,2021-11-27 18:13:27,2021-11-27 18:13:27
72,BCH0000008,EMP0000073,Agrata,Vasanta,8986484814,Agrata.vasanta@thedmart.com,AgrVas,1966-07-17,935830321654,2021-03-02,,SKC0000010,2021-11-27 18:13:27,2021-11-27 18:13:27
73,BCH0000008,EMP0000074,Shiuli,Nageshwara,9714357941,Shiuli.nageshwara@thedmart.com,ShiNag,1966-09-15,880781647640,2020-03-10,,SKC0000010,2021-11-27 18:13:27,2021-11-27 18:13:27
74,BCH0000008,EMP0000075,Lakshya,Vasumati,9194944956,Lakshya.vasumati@thedmart.com,LakVas,1975-06-28,904133536920,2021-12-01,,SKC0000001,2021-11-27 18:13:27,2021-11-27 18:13:27
75,BCH0000008,EMP0000076,Juily,Tusti,8797032076,Juily.tusti@thedmart.com,JuiTus,1971-01-12,904726379929,2021-11-03,,SKC0000007,2021-11-27 18:13:27,2021-11-27 18:13:27
76,BCH0000008,EMP0000077,Rachita,Nilu,9799370766,Rachita.nilu@thedmart.com,RacNil,1990-01-13,876455422126,2018-02-05,,SKC0000009,2021-11-27 18:13:27,2021-11-27 18:13:27
77,BCH0000008,EMP0000078,Ashakiran,Prafull,8816389543,Ashakiran.prafull@thedmart.com,AshPra,1992-07-13,983800449207,2018-08-06,,SKC0000010,2021-11-27 18:13:27,2021-11-27 18:13:27
78,BCH0000008,EMP0000079,Vijayalakshmi,Namdev,9149613845,Vijayalakshmi.namdev@thedmart.com,VijNam,1975-07-21,789616372339,2016-05-12,,SKC0000010,2021-11-27 18:13:27,2021-11-27 18:13:27
79,BCH0000008,EMP0000080,Leela,Mathrubootham,9047675958,Leela.mathrubootham@thedmart.com,LeeMat,1976-11-25,963184693145,2016-07-05,,SKC0000008,2021-11-27 18:13:27,2021-11-27 18:13:27
80,BCH0000008,EMP0000081,Pratishtha,Nuguru,8712579516,Pratishtha.nuguru@thedmart.com,PraNug,1979-09-13,803575241952,2019-12-13,,SKC0000010,2021-11-27 18:13:27,2021-11-27 18:13:27
81,BCH0000009,EMP0000082,Indu,Anjushri,8295736346,Indu.anjushri@thedmart.com,IndAnj,1992-11-13,893799677570,2017-09-12,,SKC0000001,2021-11-27 18:13:27,2021-11-27 18:13:27
82,BCH0000009,EMP0000083,Gaura,Subhaga,9189893010,Gaura.subhaga@thedmart.com,GauSub,1968-12-13,891705756325,2018-06-05,,SKC0000007,2021-11-27 18:13:27,2021-11-27 18:13:27
83,BCH0000009,EMP0000084,Shruti,Srinath,8150991911,Shruti.srinath@thedmart.com,ShrSri,1965-10-07,946564610140,2019-06-05,,SKC0000009,2021-11-27 18:13:27,2021-11-27 18:13:27
84,BCH0000009,EMP0000085,Mayuri,Mavalvala,8757410901,Mayuri.mavalvala@thedmart.com,MayMav,1980-04-28,962112267664,2018-09-08,,SKC0000002,2021-11-27 18:13:27,2021-11-27 18:13:27
85,BCH0000009,EMP0000086,Adhira,Shachi,8893974210,Adhira.shachi@thedmart.com,AdhSha,1975-12-22,819473668806,2019-02-20,,SKC0000010,2021-11-27 18:13:27,2021-11-27 18:13:27
86,BCH0000009,EMP0000087,Pusti,Vijul,9570109618,Pusti.vijul@thedmart.com,PusVij,1998-12-21,896766715231,2016-05-15,,SKC0000010,2021-11-27 18:13:27,2021-11-27 18:13:27
87,BCH0000009,EMP0000088,Riju,Shikha,8836837780,Riju.shikha@thedmart.com,RijShi,1990-12-18,799477698066,2020-03-14,2020-08-21,SKC0000010,2021-11-27 18:13:27,2021-11-27 18:13:27
88,BCH0000009,EMP0000089,Indrani,Sapra,8106346089,Indrani.sapra@thedmart.com,IndSap,1993-12-06,933824548298,2021-10-02,,SKC0000010,2021-11-27 18:13:27,2021-11-27 18:13:27
89,BCH0000009,EMP0000090,Samiksha,Tanuj,8059880541,Samiksha.tanuj@thedmart.com,SamTan,1975-12-15,827181371787,2017-03-07,,SKC0000010,2021-11-27 18:13:27,2021-11-27 18:13:27
90,BCH0000009,EMP0000091,Hasita,Urimindi,9124640541,Hasita.urimindi@thedmart.com,HasUri,1980-05-21,942591235367,2016-11-01,,SKC0000010,2021-11-27 18:13:27,2021-11-27 18:13:27
91,BCH0000010,EMP0000092,Nita,Chowdhury,8948115588,Nita.chowdhury@thedmart.com,NitCho,1983-10-01,861203513345,2021-09-17,,SKC0000008,2021-11-27 18:13:27,2021-11-27 18:13:27
92,BCH0000010,EMP0000093,Kishori,Praharaj,8675362387,Kishori.praharaj@thedmart.com,KisPra,1978-01-27,883909239831,2021-07-06,,SKC0000010,2021-11-27 18:13:27,2021-11-27 18:13:27
93,BCH0000010,EMP0000094,Pragyaparamita,Hasita,8161301360,Pragyaparamita.hasita@thedmart.com,PraHas,1988-11-03,852598491100,2020-01-11,,SKC0000010,2021-11-27 18:13:27,2021-11-27 18:13:27
94,BCH0000010,EMP0000095,Rati,Koppala,8759505914,Rati.koppala@thedmart.com,RatKop,1998-02-20,888298347207,2017-11-20,,SKC0000002,2021-11-27 18:13:27,2021-11-27 18:13:27
95,BCH0000010,EMP0000096,Phiroza,Chandana,9306150439,Phiroza.chandana@thedmart.com,PhiCha,1979-08-06,813400235077,2015-01-02,2017-07-01,SKC0000001,2021-11-27 18:13:27,2021-11-27 18:13:27
96,BCH0000010,EMP0000097,Anusha,Shivaprakash,9794303988,Anusha.shivaprakash@thedmart.com,AnuShi,1992-04-24,809193404701,2015-04-02,,SKC0000007,2021-11-27 18:13:27,2021-11-27 18:13:27
97,BCH0000010,EMP0000098,Basabi,Swanimathan,9800941637,Basabi.swanimathan@thedmart.com,BasSwa,1982-04-27,983206240122,2019-11-10,,SKC0000009,2021-11-27 18:13:27,2021-11-27 18:13:27
98,BCH0000010,EMP0000099,Sudipta,Udaya,9404143664,Sudipta.udaya@thedmart.com,SudUda,1979-05-26,796231444565,2019-02-06,,SKC0000010,2021-11-27 18:13:27,2021-11-27 18:13:27
99,BCH0000010,EMP0000100,Akshaya,Sidda,8056421993,Akshaya.sidda@thedmart.com,AksSid,1979-03-17,792853358385,2017-07-05,,SKC0000010,2021-11-27 18:13:27,2021-11-27 18:13:27
