BranchID,EmployeeID,FirstName,LastName,MobileNumber,EmailID,UserName,DOB,Aadhaar,JoiningDate,LastWorkingDate,skill_code,createdatetime,updatedatetime
BCH0000001,EMP0000001,Sharad,Nirmala,8755454383,Sharad.nirmala@thedmart.com,ShaNir,05-04-79,8.61938E+11,01-10-20,,SKC0000001,27-11-21 18:13,27-11-21 18:13
BCH0000001,EMP0000002,Abhilash,Deeptendu,8872730764,Abhilash.deeptendu@thedmart.com,AbhDee,08-08-97,9.13139E+11,14-12-17,,SKC0000007,27-11-21 18:13,27-11-21 18:13
BCH0000001,EMP0000003,Mithilesh,Srini,8912778568,Mithilesh.srini@thedmart.com,MitSri,10-05-75,8.66183E+11,04-02-15,,SKC0000009,27-11-21 18:13,27-11-21 18:13
BCH0000001,EMP0000004,Deep,Saryu,9164771779,Deep.saryu@thedmart.com,DeeSar,05-03-93,8.51302E+11,14-06-20,,SKC0000002,27-11-21 18:13,27-11-21 18:13
BCH0000001,EMP0000005,Nimai,Veena,8037518590,Nimai.veena@thedmart.com,NimVee,28-01-84,9.45746E+11,20-06-15,,SKC0000010,27-11-21 18:13,27-11-21 18:13
BCH0000001,EMP0000006,Shreshta,Ramamani,9102616331,Shreshta.ramamani@thedmart.com,ShrRam,01-04-82,8.67579E+11,12-07-17,,SKC0000008,27-11-21 18:13,27-11-21 18:13
BCH0000001,EMP0000007,Aryan,Sawardekar,9511105251,Aryan.sawardekar@thedmart.com,ArySaw,12-09-79,8.26409E+11,14-05-19,,SKC0000010,27-11-21 18:13,27-11-21 18:13
BCH0000001,EMP0000008,Jagadbandu,Arghya,8295611268,Jagadbandu.arghya@thedmart.com,JagArg,15-12-78,9.17257E+11,18-03-16,,SKC0000008,27-11-21 18:13,27-11-21 18:13
BCH0000001,EMP0000009,Suryakant,Pankaj,9011908714,Suryakant.pankaj@thedmart.com,SurPan,23-03-95,8.6785E+11,14-03-15,,SKC0000010,27-11-21 18:13,27-11-21 18:13
BCH0000001,EMP0000010,Dhruv,Swaminathan,8375647210,Dhruv.swaminathan@thedmart.com,DhrSwa,22-04-90,8.33211E+11,02-04-18,,SKC0000008,27-11-21 18:13,27-11-21 18:13
BCH0000002,EMP0000011,Rasaraj,Gangulee,8991799935,Rasaraj.gangulee@thedmart.com,RasGan,09-12-88,9.79961E+11,08-09-16,05-10-17,SKC0000004,27-11-21 18:13,27-11-21 18:13
BCH0000002,EMP0000012,Lochan,Saibal,9693002599,Lochan.saibal@thedmart.com,LocSai,02-08-71,7.94872E+11,09-03-18,,SKC0000001,27-11-21 18:13,27-11-21 18:13
BCH0000002,EMP0000013,Prashanta,Sira,9568371429,Prashanta.sira@thedmart.com,PraSir,26-09-75,8.94651E+11,19-04-16,,SKC0000010,27-11-21 18:13,27-11-21 18:13
BCH0000002,EMP0000014,Pralay,Tendulkar,8058727951,Pralay.tendulkar@thedmart.com,PraTen,06-02-87,9.50165E+11,16-04-17,,SKC0000007,27-11-21 18:13,27-11-21 18:13
BCH0000002,EMP0000015,Balakrishna,Hindocha,8082815059,Balakrishna.hindocha@thedmart.com,BalHin,26-11-99,8.48911E+11,14-06-18,,SKC0000009,27-11-21 18:13,27-11-21 18:13
BCH0000002,EMP0000016,Nikhil,Amish,8236041011,Nikhil.amish@thedmart.com,NikAmi,13-05-70,8.99068E+11,06-05-18,,SKC0000010,27-11-21 18:13,27-11-21 18:13
BCH0000002,EMP0000017,Purujit,Kedar,8145293564,Purujit.kedar@thedmart.com,PurKed,21-08-78,9.21802E+11,04-02-17,,SKC0000002,27-11-21 18:13,27-11-21 18:13
BCH0000002,EMP0000018,Bhagirath,Neil,8826503766,Bhagirath.neil@thedmart.com,BhaNei,01-01-75,7.93824E+11,05-07-21,,SKC0000002,27-11-21 18:13,27-11-21 18:13
BCH0000002,EMP0000019,Randhir,Suranjan,9398866689,Randhir.suranjan@thedmart.com,RanSur,02-10-72,8.70205E+11,20-07-15,21-10-16,SKC0000006,27-11-21 18:13,27-11-21 18:13
BCH0000002,EMP0000020,Madhav,Satyavati,8863128504,Madhav.satyavati@thedmart.com,MadSat,01-11-72,8.33113E+11,14-10-18,,SKC0000008,27-11-21 18:13,27-11-21 18:13
BCH0000003,EMP0000021,Himaghna,Riju,8489128622,Himaghna.riju@thedmart.com,HimRij,25-01-75,9.45721E+11,16-09-16,,SKC0000010,27-11-21 18:13,27-11-21 18:13
BCH0000003,EMP0000022,Bandhu,Soogoor,8257563707,Bandhu.soogoor@thedmart.com,BanSoo,11-01-96,8.78185E+11,20-09-15,,SKC0000010,27-11-21 18:13,27-11-21 18:13
BCH0000003,EMP0000023,Bikram,Mondem,9196713682,Bikram.mondem@thedmart.com,BikMon,09-05-97,9.44305E+11,12-10-20,,SKC0000001,27-11-21 18:13,27-11-21 18:13
BCH0000003,EMP0000024,Haresh,Maji,8574949620,Haresh.maji@thedmart.com,HarMaj,09-10-92,9.38311E+11,01-10-20,,SKC0000007,27-11-21 18:13,27-11-21 18:13
BCH0000003,EMP0000025,Dinar,Jinturkar,9030207078,Dinar.jinturkar@thedmart.com,DinJin,12-09-96,9.33848E+11,11-10-19,,SKC0000009,27-11-21 18:13,27-11-21 18:13
BCH0000003,EMP0000026,Chetan,Gopinath,8663722878,Chetan.gopinath@thedmart.com,CheGop,01-01-73,8.96362E+11,20-05-18,,SKC0000002,27-11-21 18:13,27-11-21 18:13
BCH0000003,EMP0000027,Hemant,Sai,8124770329,Hemant.sai@thedmart.com,HemSai,22-09-86,8.71482E+11,02-09-19,,SKC0000010,27-11-21 18:13,27-11-21 18:13
BCH0000003,EMP0000028,Premendra,Laxmanan,8119036558,Premendra.laxmanan@thedmart.com,PreLax,04-05-69,9.50453E+11,04-07-17,,SKC0000010,27-11-21 18:13,27-11-21 18:13
BCH0000003,EMP0000029,Adway,Sabeer,8199613619,Adway.sabeer@thedmart.com,AdwSab,11-10-76,9.19105E+11,03-04-16,,SKC0000010,27-11-21 18:13,27-11-21 18:13
BCH0000003,EMP0000030,Sharang,Darsha,9745925976,Sharang.darsha@thedmart.com,ShaDar,23-02-75,8.86419E+11,06-11-16,,SKC0000010,27-11-21 18:13,27-11-21 18:13
BCH0000004,EMP0000031,Nityananda,Kadak,8621631781,Nityananda.kadak@thedmart.com,NitKad,10-09-75,8.33156E+11,07-02-21,,SKC0000010,27-11-21 18:13,27-11-21 18:13
BCH0000004,EMP0000032,Tajdar,Gopivallabha,8280005248,Tajdar.gopivallabha@thedmart.com,TajGop,11-04-94,8.06628E+11,03-12-20,15-05-21,SKC0000006,27-11-21 18:13,27-11-21 18:13
BCH0000004,EMP0000033,Arya,Navya,8748270789,Arya.navya@thedmart.com,AryNav,08-07-78,8.64831E+11,09-02-18,,SKC0000010,27-11-21 18:13,27-11-21 18:13
BCH0000004,EMP0000034,Jaganmay,Velusamy,8260836645,Jaganmay.velusamy@thedmart.com,JagVel,19-02-96,8.73929E+11,12-07-18,,SKC0000008,27-11-21 18:13,27-11-21 18:13
BCH0000004,EMP0000035,Radhakrishna,Srivaths,9728988085,Radhakrishna.srivaths@thedmart.com,RadSri,17-04-89,9.70216E+11,08-07-19,,SKC0000010,27-11-21 18:13,27-11-21 18:13
BCH0000004,EMP0000036,Kundanlal,Kansal,9239407334,Kundanlal.kansal@thedmart.com,KunKan,20-01-82,9.78778E+11,02-09-17,,SKC0000010,27-11-21 18:13,27-11-21 18:13
BCH0000004,EMP0000037,Chandan,Vyasa,8754701318,Chandan.vyasa@thedmart.com,ChaVya,16-04-87,8.60782E+11,20-06-15,,SKC0000010,27-11-21 18:13,27-11-21 18:13
BCH0000004,EMP0000038,Dilawar,Satyavrat,9495084702,Dilawar.satyavrat@thedmart.com,DilSat,09-04-80,8.92591E+11,15-06-17,,SKC0000010,27-11-21 18:13,27-11-21 18:13
BCH0000004,EMP0000039,Suparna,Prashanth,8206537677,Suparna.prashanth@thedmart.com,SupPra,20-12-99,8.06945E+11,04-11-18,,SKC0000001,27-11-21 18:13,27-11-21 18:13
BCH0000004,EMP0000040,Tuhin,Nira,9432480993,Tuhin.nira@thedmart.com,TuhNir,21-07-94,8.25419E+11,16-09-16,,SKC0000007,27-11-21 18:13,27-11-21 18:13
BCH0000004,EMP0000041,Anadi,Sudha,9696943915,Anadi.sudha@thedmart.com,AnaSud,26-01-98,8.61116E+11,10-11-17,,SKC0000009,27-11-21 18:13,27-11-21 18:13
BCH0000005,EMP0000042,Indraneel,Shindi,8324541298,Indraneel.shindi@thedmart.com,IndShi,14-08-96,8.25408E+11,01-04-15,,SKC0000010,27-11-21 18:13,27-11-21 18:13
BCH0000005,EMP0000043,Chakrapani,Sreenivasa,8258291447,Chakrapani.sreenivasa@thedmart.com,ChaSre,05-09-72,8.54163E+11,12-01-19,,SKC0000010,27-11-21 18:13,27-11-21 18:13
BCH0000005,EMP0000044,Udit,Samrat,9027251741,Udit.samrat@thedmart.com,UdiSam,20-10-76,9.04448E+11,08-04-20,,SKC0000010,27-11-21 18:13,27-11-21 18:13
BCH0000005,EMP0000045,Srijan,Podury,9555295112,Srijan.podury@thedmart.com,SriPod,19-09-79,8.15855E+11,17-02-15,,SKC0000008,27-11-21 18:13,27-11-21 18:13
BCH0000005,EMP0000046,Sudhir,Meghana,8602445150,Sudhir.meghana@thedmart.com,SudMeg,22-10-86,8.85543E+11,07-05-15,,SKC0000010,27-11-21 18:13,27-11-21 18:13
BCH0000005,EMP0000047,Vishwamitra,Surekha,8766926531,Vishwamitra.surekha@thedmart.com,VisSur,16-12-82,8.61393E+11,01-03-19,,SKC0000007,27-11-21 18:13,27-11-21 18:13
BCH0000005,EMP0000048,Deepit,Banerjee,8556548474,Deepit.banerjee@thedmart.com,DeeBan,07-07-80,9.71474E+11,03-06-17,,SKC0000009,27-11-21 18:13,27-11-21 18:13
BCH0000005,EMP0000049,Rohanlal,Gundlapalli,8700129506,Rohanlal.gundlapalli@thedmart.com,RohGun,15-01-69,8.45613E+11,08-06-16,,SKC0000002,27-11-21 18:13,27-11-21 18:13
BCH0000005,EMP0000050,Aijaz,Sajal,8857080775,Aijaz.sajal@thedmart.com,AijSaj,08-01-92,9.869E+11,20-07-20,,SKC0000010,27-11-21 18:13,27-11-21 18:13
BCH0000005,EMP0000051,Baidehi,Tanu,8343768545,Baidehi.tanu@thedmart.com,BaiTan,08-05-96,8.79524E+11,10-09-16,,SKC0000001,27-11-21 18:13,27-11-21 18:13
BCH0000006,EMP0000052,Jyotibala,Shivani,8453605928,Jyotibala.shivani@thedmart.com,JyoShi,13-09-99,9.59755E+11,07-06-21,,SKC0000007,27-11-21 18:13,27-11-21 18:13
BCH0000006,EMP0000053,Ranjana,Jitesh,8013025830,Ranjana.jitesh@thedmart.com,RanJit,04-02-81,8.09914E+11,03-03-20,,SKC0000009,27-11-21 18:13,27-11-21 18:13
BCH0000006,EMP0000054,Leelavati,Datar,9508094954,Leelavati.datar@thedmart.com,LeeDat,13-11-74,8.70614E+11,17-10-16,,SKC0000010,27-11-21 18:13,27-11-21 18:13
BCH0000006,EMP0000055,Madhura,Battacharjee,9609489841,Madhura.battacharjee@thedmart.com,MadBat,28-12-84,9.8134E+11,13-11-21,,SKC0000010,27-11-21 18:13,27-11-21 18:13
BCH0000006,EMP0000056,Rambha,Zahin,9835583662,Rambha.zahin@thedmart.com,RamZah,12-08-86,9.26405E+11,19-08-19,,SKC0000001,27-11-21 18:13,27-11-21 18:13
BCH0000006,EMP0000057,Mythily,Prithviraj,8727779535,Mythily.prithviraj@thedmart.com,MytPri,14-10-87,8.26317E+11,03-10-16,21-12-18,SKC0000002,27-11-21 18:13,27-11-21 18:13
BCH0000006,EMP0000058,Bharani,Sarat,9831672995,Bharani.sarat@thedmart.com,BhaSar,28-05-91,9.80964E+11,12-10-17,,SKC0000010,27-11-21 18:13,27-11-21 18:13
BCH0000006,EMP0000059,Subhagya,Chella,8695196852,Subhagya.chella@thedmart.com,SubChe,08-06-90,9.61809E+11,14-03-21,,SKC0000010,27-11-21 18:13,27-11-21 18:13
BCH0000006,EMP0000060,Shachi,Vivekanand,9518385832,Shachi.vivekanand@thedmart.com,ShaViv,14-06-71,8.05756E+11,17-12-15,,SKC0000010,27-11-21 18:13,27-11-21 18:13
BCH0000006,EMP0000061,Changuna,Singri,9134443766,Changuna.singri@thedmart.com,ChaSin,02-06-99,9.22664E+11,12-07-16,,SKC0000008,27-11-21 18:13,27-11-21 18:13
BCH0000007,EMP0000062,Deeba,Narang,9811795705,Deeba.narang@thedmart.com,DeeNar,11-12-91,8.32034E+11,04-02-18,,SKC0000010,27-11-21 18:13,27-11-21 18:13
BCH0000007,EMP0000063,Bansari,Shailaja,8919122284,Bansari.shailaja@thedmart.com,BanSha,15-09-80,7.98454E+11,19-09-18,,SKC0000001,27-11-21 18:13,27-11-21 18:13
BCH0000007,EMP0000064,Naina,Surati,9115391541,Naina.surati@thedmart.com,NaiSur,26-12-75,8.05009E+11,01-12-21,,SKC0000007,27-11-21 18:13,27-11-21 18:13
BCH0000007,EMP0000065,Madhulata,Rustagi,9597455121,Madhulata.rustagi@thedmart.com,MadRus,24-09-99,9.07765E+11,01-02-19,,SKC0000009,27-11-21 18:13,27-11-21 18:13
BCH0000007,EMP0000066,Shamita,Vidyashankar,8821966632,Shamita.vidyashankar@thedmart.com,ShaVid,21-02-86,8.37594E+11,11-09-20,,SKC0000002,27-11-21 18:13,27-11-21 18:13
BCH0000007,EMP0000067,Deepali,Ramamani,8967207792,Deepali.ramamani@thedmart.com,DeeRam,19-02-90,8.2743E+11,20-08-17,25-12-20,SKC0000002,27-11-21 18:13,27-11-21 18:13
BCH0000007,EMP0000068,Nadira,Sangodkar,9096097931,Nadira.sangodkar@thedmart.com,NadSan,27-03-94,8.81885E+11,08-07-19,,SKC0000010,27-11-21 18:13,27-11-21 18:13
BCH0000007,EMP0000069,Baruni,Vilok,8966381616,Baruni.vilok@thedmart.com,BarVil,11-01-81,8.67371E+11,20-05-20,,SKC0000010,27-11-21 18:13,27-11-21 18:13
BCH0000007,EMP0000070,Tripti,Gridharan,9378413213,Tripti.gridharan@thedmart.com,TriGri,17-09-87,8.63551E+11,02-02-15,,SKC0000010,27-11-21 18:13,27-11-21 18:13
BCH0000007,EMP0000071,Smriti,Seri,8148120120,Smriti.seri@thedmart.com,SmrSer,04-01-86,9.084E+11,17-02-18,,SKC0000010,27-11-21 18:13,27-11-21 18:13
BCH0000008,EMP0000072,Mohisha,Sughavanam,8115914905,Mohisha.sughavanam@thedmart.com,MohSug,21-08-97,8.04319E+11,07-09-19,,SKC0000010,27-11-21 18:13,27-11-21 18:13
BCH0000008,EMP0000073,Agrata,Vasanta,8986484814,Agrata.vasanta@thedmart.com,AgrVas,17-07-66,9.3583E+11,02-03-21,,SKC0000010,27-11-21 18:13,27-11-21 18:13
BCH0000008,EMP0000074,Shiuli,Nageshwara,9714357941,Shiuli.nageshwara@thedmart.com,ShiNag,15-09-66,8.80782E+11,10-03-20,,SKC0000010,27-11-21 18:13,27-11-21 18:13
BCH0000008,EMP0000075,Lakshya,Vasumati,9194944956,Lakshya.vasumati@thedmart.com,LakVas,28-06-75,9.04134E+11,01-12-21,,SKC0000001,27-11-21 18:13,27-11-21 18:13
BCH0000008,EMP0000076,Juily,Tusti,8797032076,Juily.tusti@thedmart.com,JuiTus,12-01-71,9.04726E+11,03-11-21,,SKC0000007,27-11-21 18:13,27-11-21 18:13
BCH0000008,EMP0000077,Rachita,Nilu,9799370766,Rachita.nilu@thedmart.com,RacNil,13-01-90,8.76455E+11,05-02-18,,SKC0000009,27-11-21 18:13,27-11-21 18:13
BCH0000008,EMP0000078,Ashakiran,Prafull,8816389543,Ashakiran.prafull@thedmart.com,AshPra,13-07-92,9.838E+11,06-08-18,,SKC0000010,27-11-21 18:13,27-11-21 18:13
BCH0000008,EMP0000079,Vijayalakshmi,Namdev,9149613845,Vijayalakshmi.namdev@thedmart.com,VijNam,21-07-75,7.89616E+11,12-05-16,,SKC0000010,27-11-21 18:13,27-11-21 18:13
BCH0000008,EMP0000080,Leela,Mathrubootham,9047675958,Leela.mathrubootham@thedmart.com,LeeMat,25-11-76,9.63185E+11,05-07-16,,SKC0000008,27-11-21 18:13,27-11-21 18:13
BCH0000008,EMP0000081,Pratishtha,Nuguru,8712579516,Pratishtha.nuguru@thedmart.com,PraNug,13-09-79,8.03575E+11,13-12-19,,SKC0000010,27-11-21 18:13,27-11-21 18:13
BCH0000009,EMP0000082,Indu,Anjushri,8295736346,Indu.anjushri@thedmart.com,IndAnj,13-11-92,8.938E+11,12-09-17,,SKC0000001,27-11-21 18:13,27-11-21 18:13
BCH0000009,EMP0000083,Gaura,Subhaga,9189893010,Gaura.subhaga@thedmart.com,GauSub,13-12-68,8.91706E+11,05-06-18,,SKC0000007,27-11-21 18:13,27-11-21 18:13
BCH0000009,EMP0000084,Shruti,Srinath,8150991911,Shruti.srinath@thedmart.com,ShrSri,07-10-65,9.46565E+11,05-06-19,,SKC0000009,27-11-21 18:13,27-11-21 18:13
BCH0000009,EMP0000085,Mayuri,Mavalvala,8757410901,Mayuri.mavalvala@thedmart.com,MayMav,28-04-80,9.62112E+11,08-09-18,,SKC0000002,27-11-21 18:13,27-11-21 18:13
BCH0000009,EMP0000086,Adhira,Shachi,8893974210,Adhira.shachi@thedmart.com,AdhSha,22-12-75,8.19474E+11,20-02-19,,SKC0000010,27-11-21 18:13,27-11-21 18:13
BCH0000009,EMP0000087,Pusti,Vijul,9570109618,Pusti.vijul@thedmart.com,PusVij,21-12-98,8.96767E+11,15-05-16,,SKC0000010,27-11-21 18:13,27-11-21 18:13
BCH0000009,EMP0000088,Riju,Shikha,8836837780,Riju.shikha@thedmart.com,RijShi,18-12-90,7.99478E+11,14-03-20,21-08-20,SKC0000010,27-11-21 18:13,27-11-21 18:13
BCH0000009,EMP0000089,Indrani,Sapra,8106346089,Indrani.sapra@thedmart.com,IndSap,06-12-93,9.33825E+11,02-10-21,,SKC0000010,27-11-21 18:13,27-11-21 18:13
BCH0000009,EMP0000090,Samiksha,Tanuj,8059880541,Samiksha.tanuj@thedmart.com,SamTan,15-12-75,8.27181E+11,07-03-17,,SKC0000010,27-11-21 18:13,27-11-21 18:13
BCH0000009,EMP0000091,Hasita,Urimindi,9124640541,Hasita.urimindi@thedmart.com,HasUri,21-05-80,9.42591E+11,01-11-16,,SKC0000010,27-11-21 18:13,27-11-21 18:13
BCH0000010,EMP0000092,Nita,Chowdhury,8948115588,Nita.chowdhury@thedmart.com,NitCho,01-10-83,8.61204E+11,17-09-21,,SKC0000008,27-11-21 18:13,27-11-21 18:13
BCH0000010,EMP0000093,Kishori,Praharaj,8675362387,Kishori.praharaj@thedmart.com,KisPra,27-01-78,8.83909E+11,06-07-21,,SKC0000010,27-11-21 18:13,27-11-21 18:13
BCH0000010,EMP0000094,Pragyaparamita,Hasita,8161301360,Pragyaparamita.hasita@thedmart.com,PraHas,03-11-88,8.52598E+11,11-01-20,,SKC0000010,27-11-21 18:13,27-11-21 18:13
BCH0000010,EMP0000095,Rati,Koppala,8759505914,Rati.koppala@thedmart.com,RatKop,20-02-98,8.88298E+11,20-11-17,,SKC0000002,27-11-21 18:13,27-11-21 18:13
BCH0000010,EMP0000096,Phiroza,Chandana,9306150439,Phiroza.chandana@thedmart.com,PhiCha,06-08-79,8.134E+11,02-01-15,01-07-17,SKC0000001,27-11-21 18:13,27-11-21 18:13
BCH0000010,EMP0000097,Anusha,Shivaprakash,9794303988,Anusha.shivaprakash@thedmart.com,AnuShi,24-04-92,8.09193E+11,02-04-15,,SKC0000007,27-11-21 18:13,27-11-21 18:13
BCH0000010,EMP0000098,Basabi,Swanimathan,9800941637,Basabi.swanimathan@thedmart.com,BasSwa,27-04-82,9.83206E+11,10-11-19,,SKC0000009,27-11-21 18:13,27-11-21 18:13
BCH0000010,EMP0000099,Sudipta,Udaya,9404143664,Sudipta.udaya@thedmart.com,SudUda,26-05-79,7.96231E+11,06-02-19,,SKC0000010,27-11-21 18:13,27-11-21 18:13
BCH0000010,EMP0000100,Akshaya,Sidda,8056421993,Akshaya.sidda@thedmart.com,AksSid,17-03-79,7.92853E+11,05-07-17,,SKC0000010,27-11-21 18:13,27-11-21 18:13
