,CategoryID,CategoryType,Perishable,Description,createdatetime,updatedatetime
0,CAT0000001,Groceries & Stores,Y,"Daily usable items, sold fresh",2021-11-28 00:03:29,2021-11-28 00:03:29
1,CAT0000002,Pharmacy & Personal Care,Y,,2021-11-28 00:03:29,2021-11-28 00:03:29
2,CAT0000003,Fashion & Beauty,Y,,2021-11-28 00:03:29,2021-11-28 00:03:29
3,CAT0000004,Devices & Electronics,N,,2021-11-28 00:03:29,2021-11-28 00:03:29
4,CAT0000005,Books & Education,N,"Books, Worksheets, Test series for all age groups",2021-11-28 00:03:29,2021-11-28 00:03:29
5,CAT0000006,"Toys, Children & Baby",N,,2021-11-28 00:03:29,2021-11-28 00:03:29
6,CAT0000007,Office & Professional,N,,2021-11-28 00:03:29,2021-11-28 00:03:29
7,CAT0000008,Sports & Outdoors,N,,2021-11-28 00:03:29,2021-11-28 00:03:29
8,CAT0000009,Travel,N,"Holiday coupons, tickets to places across India",2021-11-27 23:58:46,2021-11-27 23:58:46
