CategoryID,CategoryType,Perishable,Description,createdatetime,updatedatetime
CAT0000001,Groceries & Stores,Y,"Daily usable items, sold fresh",28-11-21 0:03,28-11-21 0:03
CAT0000002,Pharmacy & Personal Care,Y,,28-11-21 0:03,28-11-21 0:03
CAT0000003,Fashion & Beauty,Y,,28-11-21 0:03,28-11-21 0:03
CAT0000004,Devices & Electronics,N,,28-11-21 0:03,28-11-21 0:03
CAT0000005,Books & Education,N,"Books, Worksheets, Test series for all age groups",28-11-21 0:03,28-11-21 0:03
CAT0000006,"Toys, Children & Baby",N,,28-11-21 0:03,28-11-21 0:03
CAT0000007,Office & Professional,N,,28-11-21 0:03,28-11-21 0:03
CAT0000008,Sports & Outdoors,N,,28-11-21 0:03,28-11-21 0:03
CAT0000009,Travel,N,"Holiday coupons, tickets to places across India",27-11-21 23:58,27-11-21 23:58
