Skill_code,SkillName,ActiveSkill,createdatetime,updatedatetime
SKC0000001,General Manager,Y,27-11-21 13:09,27-11-21 13:09
SKC0000002,Security,Y,27-11-21 13:09,29-11-21 11:27
SKC0000003,Mechanic,N,27-11-21 13:09,27-11-21 13:09
SKC0000004,Electrician,N,27-11-21 13:09,29-11-21 11:27
SKC0000005,Plumber,N,27-11-21 13:09,27-11-21 13:09
SKC0000006,Carpenter,N,27-11-21 13:09,27-11-21 13:09
SKC0000007,Inventory Manager,Y,27-11-21 13:09,29-11-21 11:27
SKC0000008,Sales Associate,Y,27-11-21 13:09,29-11-21 11:27
SKC0000009,Marketing Manager,Y,27-11-21 13:09,27-11-21 13:09
SKC0000010,Customer Rep,Y,27-11-21 13:09,27-11-21 13:09
