SupplierID,SupplierName,AddressLine1,AddressLine2,City,Country,PinCode,PhoneNumber,emailID,createdatetime,updatedatetime
SUP0000001,All in One,"40 Rd Flr, Runwal Chambers, 1 St Rd","Opp Bmc Office, Chembur (east)",Mumbai,INDIA,400071,9933234543,AllinOne.Mumbai@yahoo.opm,27-11-21 13:49,27-11-21 13:49
SUP0000002,Bunch of Things,"402, Rajatha Mahal Complex",Nagarthpet,Bangalore,INDIA,560002,9876787654,BunchofThings.Bangalore@yahoo.nam,27-11-21 13:49,27-11-21 13:49
SUP0000003,Retail Distribution Bros,"14, 2nd Floor", Coral Merchant St,Chennai,INDIA,600023,9234254322,RetailDistributionBros.Chennai@yahoo.com ,27-11-21 13:49,27-11-21 13:49
SUP0000004,Distribution Wofl,"178, Main Gt Road","Sahibabad, Ghaziabad",Delhi,INDIA,110017,9354364537,DistributionWofl@gmail.com,27-11-21 13:49,27-11-21 13:49
SUP0000005,Pearl Market,"439, Dr. Nanjappa Road",Avanashi Road,Coimbatore,INDIA,641018,9364534653,PearlMarket@gmail.com,27-11-21 13:49,27-11-21 13:49
SUP0000006,Sell Wholesale,"Rb Mehta Rd, Opp Pravin Classes",Ghatkoper (east),Mumbai,INDIA,400077,9786757654,SellWholesale@gmail.com,27-11-21 13:49,27-11-21 13:49
SUP0000007,LiveSale Company,"5-8-2/3, 2nd Lane ",Nampally,Hyderabad,INDIA,500001,9878766676,LiveSaleCompany@gmail.com,27-11-21 13:49,27-11-21 13:49
SUP0000008,The Grocersale,"73 &74, B-4, Panna Plaza","Arcot Road, Kodambakkam",Chennai,INDIA ,600083,9445419257,TheGrocersale@gmail.com,27-11-21 13:49,27-11-21 13:49
SUP0000009,Wholesale Imported Co.,"Shop No 954, Japani Bazar",Ulhasnagar,Mumbai,INDIA,400079,9500123499,WholesaleImportedCo.Mumbai@yahoo.ulm,27-11-21 13:49,27-11-21 13:49
SUP0000010,Applied Wholesale,"Shefali Centre, Paldi",,Ahmedabad,INDIA,380007,7925876458,AppliedWholesale@gmail.com,27-11-21 13:49,27-11-21 13:49
SUP0000011,SignifiSale,"153 D, Kamla Nagar",,Delhi,INDIA,110007,9923842991,SignifiSale@gmail.com,27-11-21 13:49,27-11-21 13:49
SUP0000012,MerchFactory,31 Flax Court,Kadavanthara Junction,Kochi,INDIA,682001,9334353426,MerchFactory@gmail.com,27-11-21 13:49,27-11-21 13:49
